"filename","masterCategory","garment","url"
"3011014_1.jpg","bottom","trousers","https://static.zara.net/assets/public/fac4/845d/df07499b8562/d394d0320f45/08727420427-e1.jpg?ts=1730231515719"
"3011014_2.jpg","bottom","trousers","https://static.zara.net/assets/public/a060/2bbe/0f24417e8493/98df189f22a7/08727420406-e1.jpg?ts=1730231490674"
"3015205_1.jpg","bottom","trousers","https://static.zara.net/assets/public/feac/5ead/95b941b1a985/aa01cf25dd43/05372300707-e1.jpg?ts=1730202123825"
"3015205_2.jpg","bottom","trousers","https://static.zara.net/assets/public/ba0a/e7f2/d014451c99e9/1f5eacbac6f4/05372300250-e1.jpg?ts=1730202092344"
"3016574_1.jpg","bottom","trousers","https://static.zara.net/assets/public/b0ee/7199/e63545b7a51b/4f72745902aa/06855340822-e1.jpg?ts=1730219977956"
"3016574_2.jpg","bottom","trousers","https://static.zara.net/assets/public/f336/0401/cfe34f8388a1/6c9c7e5c7454/06855340427-e1.jpg?ts=1730219951289"
"3019989_1.jpg","bottom","trousers","https://static.zara.net/assets/public/fc7d/744d/598c44c58bf3/715f92175cdb/08062360707-e1.jpg?ts=1730209147678"
"3019989_2.jpg","bottom","trousers","https://static.zara.net/assets/public/f024/5815/9e1e46f3911d/b79e92e3bf65/08062360710-e1.jpg?ts=1730209088518"
"3020037_1.jpg","bottom","trousers","https://static.zara.net/assets/public/4820/81e1/14e0445192cd/e5e114f5eb2b/01538315450-e1.jpg?ts=1730223527470"
"3020037_2.jpg","bottom","trousers","https://static.zara.net/assets/public/8350/714d/1cb8467188cc/9a22312c60af/01538315533-e1.jpg?ts=1730223548488"
"3021460_1.jpg","bottom","trousers","https://static.zara.net/assets/public/00a0/3b21/3b604f4e8187/96aa610d6664/09621801800-e1.jpg?ts=1730214288150"
"3021460_2.jpg","bottom","trousers","https://static.zara.net/assets/public/5ca5/7eb3/c07148dba2bd/22fe8ae971bf/09621801401-e1.jpg?ts=1730214396334"
"3025312_1.jpg","bottom","trousers","https://static.zara.net/assets/public/63aa/7436/0ffe4dff9525/9cda3aa2f80d/00632410807-e1.jpg?ts=1730204991509"
"3025312_2.jpg","bottom","trousers","https://static.zara.net/assets/public/5428/1572/9a3e4e19b33b/43ebc09011b4/00632410800-e1.jpg?ts=1730204817451"
"3025476_1.jpg","bottom","trousers","https://static.zara.net/assets/public/d149/7d6d/9dce45ceaa0f/cc9c7cf0137b/09621811704-e1.jpg?ts=1730205291008"
"3025476_2.jpg","bottom","trousers","https://static.zara.net/assets/public/a670/da1b/acda453e8c1f/833d0cb4c67b/09621811800-e1.jpg?ts=1730205282930"
"3027327_1.jpg","bottom","trousers","https://static.zara.net/assets/public/4e26/c1f7/722240fdbd4d/6e91411f88b3/05862335507-e1.jpg?ts=1730236455880"
"3027327_2.jpg","bottom","trousers","https://static.zara.net/assets/public/8a79/cad0/e5a24e8aadd7/9c4f6c80caf1/05862335710-e1.jpg?ts=1730236477394"
"3028918_1.jpg","bottom","trousers","https://static.zara.net/assets/public/0ef1/48fb/9da347b681b5/effa8460c3f3/08288861251-e1.jpg?ts=1730229053389"
"3028918_2.jpg","bottom","trousers","https://static.zara.net/assets/public/a6d4/3b75/56454c4494c2/003fecb51741/08288861052-e1.jpg?ts=1730229035212"
"3030247_1.jpg","bottom","trousers","https://static.zara.net/assets/public/5d00/d4d2/916248bb8365/4dd47a9f0ddc/05634150800-e1.jpg?ts=1730228233447"
"3030247_2.jpg","bottom","trousers","https://static.zara.net/assets/public/f7a0/7ccb/09774501bac0/41a3aa2874fc/05634150707-e1.jpg?ts=1730228214508"
"3032271_1.jpg","top","short sleeve top","https://static.zara.net/assets/public/f953/452a/829f4faa8715/241225b2d6d3/04424154250-e1.jpg?ts=1730219494121"
"3032271_2.jpg","top","short sleeve top","https://static.zara.net/assets/public/3091/481e/804243479ef2/5473390a022b/04424154600-e1.jpg?ts=1730219728078"
"3036360_1.jpg","bottom","trousers","https://static.zara.net/assets/public/2f21/dbf6/d6e348759c56/88efe425f0b5/07901432527-e1.jpg?ts=1730397791815"
"3036360_2.jpg","bottom","trousers","https://static.zara.net/assets/public/142f/f07d/4e3a488d9ecb/3fa2007da1fc/09190888250-e1.jpg?ts=1730397709754"
"3036620_1.jpg","bottom","trousers","https://static.zara.net/assets/public/6a10/9171/4a1146daa447/83f533f6594d/01564611420-e1.jpg?ts=1730236556505"
"3036620_2.jpg","bottom","trousers","https://static.zara.net/assets/public/b274/388b/8c4540108464/e933a8de2703/05952820420-r-e1.jpg?ts=1730236556545"
"3036623_1.jpg","bottom","trousers","https://static.zara.net/assets/public/b274/388b/8c4540108464/e933a8de2703/05952820420-r-e1.jpg?ts=1730236556545"
"3036623_2.jpg","bottom","trousers","https://static.zara.net/assets/public/6a10/9171/4a1146daa447/83f533f6594d/01564611420-e1.jpg?ts=1730236556505"
"3036624_1.jpg","bottom","trousers","https://static.zara.net/assets/public/b274/388b/8c4540108464/e933a8de2703/05952820420-r-e1.jpg?ts=1730236556545"
"3036624_2.jpg","bottom","trousers","https://static.zara.net/assets/public/6a10/9171/4a1146daa447/83f533f6594d/01564611420-e1.jpg?ts=1730236556505"
"3036625_1.jpg","bottom","trousers","https://static.zara.net/assets/public/c8d3/d1d6/24e3423ca42d/0f31206b0f16/01564611401-e1.jpg?ts=1730236533097"
"3036625_2.jpg","bottom","trousers","https://static.zara.net/assets/public/a56c/0689/eb124e59bbf3/e24f07ea4abb/01564411800-e1.jpg?ts=1730236686784"
"3036626_1.jpg","bottom","trousers","https://static.zara.net/assets/public/b274/388b/8c4540108464/e933a8de2703/05952820420-r-e1.jpg?ts=1730236556545"
"3036626_2.jpg","bottom","trousers","https://static.zara.net/assets/public/6a10/9171/4a1146daa447/83f533f6594d/01564611420-e1.jpg?ts=1730236556505"
"3036633_1.jpg","bottom","trousers","https://static.zara.net/assets/public/c8d3/d1d6/24e3423ca42d/0f31206b0f16/01564611401-e1.jpg?ts=1730236533097"
"3036633_2.jpg","bottom","trousers","https://static.zara.net/assets/public/a56c/0689/eb124e59bbf3/e24f07ea4abb/01564411800-e1.jpg?ts=1730236686784"
"3036635_1.jpg","bottom","trousers","https://static.zara.net/assets/public/b274/388b/8c4540108464/e933a8de2703/05952820420-r-e1.jpg?ts=1730236556545"
"3036635_2.jpg","bottom","trousers","https://static.zara.net/assets/public/6a10/9171/4a1146daa447/83f533f6594d/01564611420-e1.jpg?ts=1730236556505"
"3039683_1.jpg","bottom","trousers","https://static.zara.net/assets/public/6c07/c32b/57e1465ea364/c697e3bb3708/07901432811-e1.jpg?ts=1730397899502"
"3039683_2.jpg","bottom","trousers","https://static.zara.net/assets/public/142f/f07d/4e3a488d9ecb/3fa2007da1fc/09190888250-e1.jpg?ts=1730397709754"
"3057589_1.jpg","bottom","skirt","https://static.zara.net/assets/public/8e68/c907/ec0d4145868d/612ab068f119/04661515756-e1.jpg?ts=1730220113599"
"3057589_2.jpg","bottom","skirt","https://static.zara.net/assets/public/d909/ac08/a4274c1b88ef/7d1ca73476b0/04661515800-e1.jpg?ts=1730220138428"
"3057831_1.jpg","top","long sleeve top","https://static.zara.net/assets/public/52d6/6cde/5a9b44b99619/724cc030fb35/05587334250-e1.jpg?ts=1730232598393"
"3057831_2.jpg","top","long sleeve top","https://static.zara.net/assets/public/586c/8189/2ee2485d9253/c9be814b8083/05587544800-e1.jpg?ts=1730426680319"
"3108184_1.jpg","top","long sleeve top","https://static.zara.net/assets/public/f850/7da8/a77942d4ba4d/cf09730d6032/03090300250-e2.jpg?ts=1730538090355"
"3108184_2.jpg","top","long sleeve top","https://static.zara.net/assets/public/e011/8c32/15b64f66b338/05c3f886f2f2/03090300250-e1.jpg?ts=1730538090526"
"3124587_1.jpg","top","long sleeve top","https://static.zara.net/assets/public/1faa/d60d/dd524a42b5a2/49e6d804d73c/08496298704-e1.jpg?ts=1730243179232"
"3124587_2.jpg","top","long sleeve top","https://static.zara.net/assets/public/a5c1/8aed/c4ff4f468e61/24674136963c/08496298802-e1.jpg?ts=1730243235459"
"3131901_1.jpg","top","long sleeve top","https://static.zara.net/assets/public/007b/b939/c63644a69fb3/980e5b369e48/08582429800-e1.jpg?ts=1730241402356"
"3131901_2.jpg","top","long sleeve top","https://static.zara.net/assets/public/d49d/fed5/a2674cb89f45/bc4aa10f8cc7/08582429707-e1.jpg?ts=1730241383935"
"3141899_1.jpg","dress","long sleeve dress","https://static.zara.net/assets/public/a66a/ae52/98794b4f8be0/4b8d43e465d0/04688213800-e1.jpg?ts=1730259675741"
"3141899_2.jpg","dress","long sleeve dress","https://static.zara.net/assets/public/cf28/0aa1/7a614d0ca975/7f921460fc36/04688213809-e1.jpg?ts=1730259697238"
"3149418_1.jpg","bottom","trousers","https://static.zara.net/assets/public/abbf/e2d9/076648c9b0cd/5eaafcd0b521/03028223836-e1.jpg?ts=1730268087787"
"3149418_2.jpg","bottom","trousers","https://static.zara.net/assets/public/869a/a004/4fd044c78cef/805119542254/03028223800-e1.jpg?ts=1730268070181"
"3153265_1.jpg","top","long sleeve top","https://static.zara.net/assets/public/e043/69a8/bdb945969ce8/d22c7e5939ae/03046835803-e1.jpg?ts=1730252158107"
"3153265_2.jpg","top","long sleeve top","https://static.zara.net/assets/public/b85d/c356/17b04e34b89a/12e2737383c2/03046835710-e1.jpg?ts=1730252139549"
"3158368_1.jpg","top","long sleeve top","https://static.zara.net/assets/public/8588/ffd7/06f34942915b/94d66f07516a/08741256529-e1.jpg?ts=1730223035846"
"3158368_2.jpg","top","long sleeve top","https://static.zara.net/assets/public/4dd9/d9a0/0fb7433db28f/d5d0c250dcc1/08741256251-e1.jpg?ts=1730222906433"
"3160479_1.jpg","dress","vest dress","https://static.zara.net/assets/public/224e/7339/66cd43818106/79db5c8b7bab/09000371518-e1.jpg?ts=1730265251873"
"3160479_2.jpg","dress","vest dress","https://static.zara.net/assets/public/84d4/2862/054f46e9baa4/3105e031e0c7/09000371832-e1.jpg?ts=1730265269531"
"3164904_1.jpg","dress","long sleeve dress","https://static.zara.net/assets/public/bad5/9b97/1595410a8826/afa9c659a2fa/00264844529-e1.jpg?ts=1730303320371"
"3164904_2.jpg","dress","long sleeve dress","https://static.zara.net/assets/public/0aa1/2c4f/6ec94eb88b17/ecc67485d20a/00264844800-e1.jpg?ts=1730303340489"
"3169851_1.jpg","dress","long sleeve dress","https://static.zara.net/assets/public/489f/5df2/900143d6b92f/46ddd0755aca/09095987800-e1.jpg?ts=1730242375202"
"3169851_2.jpg","dress","long sleeve dress","https://static.zara.net/assets/public/cb5e/e65a/7ba740edbff5/45690e53437a/09095987800-e2.jpg?ts=1730242375115"
"3171443_1.jpg","top","long sleeve top","https://static.zara.net/assets/public/665b/5ba1/fc9e47329875/88e088f979a0/01509015043-e1.jpg?ts=1730263934292"
"3171443_2.jpg","top","long sleeve top","https://static.zara.net/assets/public/e5af/27c6/f035487fbcbb/b8df5bd1cf69/01509115804-e1.jpg?ts=1730264581906"
"3182314_1.jpg","dress","short sleeve dress","https://static.zara.net/assets/public/fe4a/3e2b/2d124bb98012/4da0822bd962/04174667800-e1.jpg?ts=1730542732207"
"3182314_2.jpg","dress","short sleeve dress","https://static.zara.net/assets/public/0ea9/5d44/f85c4ed1b2d7/d99f454f16d5/04174667532-e1.jpg?ts=1730542712557"
"3196033_1.jpg","top","short sleeve top","https://static.zara.net/assets/public/26b9/8155/37e14c678580/a338222790e1/01887400800-e1.jpg?ts=1730537633641"
"3196033_2.jpg","top","short sleeve top","https://static.zara.net/assets/public/5aa0/6371/600846f09b0d/561914fe3b24/01887400250-e1.jpg?ts=1730537612767"
"3197402_1.jpg","top","long sleeve top","https://static.zara.net/assets/public/586c/8189/2ee2485d9253/c9be814b8083/05587544800-e1.jpg?ts=1730426680319"
"3197402_2.jpg","top","long sleeve top","https://static.zara.net/assets/public/52d6/6cde/5a9b44b99619/724cc030fb35/05587334250-e1.jpg?ts=1730232598393"
"3198160_1.jpg","dress","long sleeve dress","https://static.zara.net/assets/public/aef7/eeee/d433469b830e/a23e8b78c07e/01255716800-e1.jpg?ts=1730220996027"
"3198160_2.jpg","dress","long sleeve dress","https://static.zara.net/assets/public/4eae/9f24/e1554ecab8bc/4254ed47eb26/01255716800-e2.jpg?ts=1730220996215"
"3199735_1.jpg","top","long sleeve top","https://static.zara.net/assets/public/075f/274c/514240d7ad74/eeeee580e4b3/07545403250-e1.jpg?ts=1730549397199"
"3199735_2.jpg","top","long sleeve top","https://static.zara.net/assets/public/6286/a634/ffea480db83b/add17f690968/07545403800-e1.jpg?ts=1730202021567"
"3214417_1.jpg","top","short sleeve top","https://static.zara.net/assets/public/f61f/916c/c79d4c2abd29/d66b6853b75e/04442451670-e1.jpg?ts=1730394609838"
"3214417_2.jpg","top","short sleeve top","https://static.zara.net/assets/public/4e01/0b3c/8d6e4cf7b6f2/3e1b2f63a39e/04442451800-e1.jpg?ts=1730540397444"
"3229753_1.jpg","top","long sleeve top","https://static.zara.net/assets/public/4b91/6297/0c304ec29d52/f07ad4f61935/09109167330-e1.jpg?ts=1694615925307"
"3229753_2.jpg","top","long sleeve top","https://static.zara.net/assets/public/57e8/6d78/14a6483ba3ed/e7854df2938f/09109167330-e2.jpg?ts=1694615925083"
"3229756_1.jpg","top","long sleeve top","https://static.zara.net/assets/public/b878/e910/eb77487481e4/7a6abd3dec45/07958116093-e2.jpg?ts=1693552031444"
"3229756_2.jpg","top","long sleeve top","https://static.zara.net/assets/public/3ea9/9093/01d544f28558/1ab67a26250f/07958116093-e1.jpg?ts=1693552023231"
"3229777_1.jpg","bottom","skirt","https://static.zara.net/assets/public/0dd1/96a4/f7384c3badb7/8e528c4f7a4c/00264431707-e1.jpg?ts=1730252431237"
"3229777_2.jpg","bottom","skirt","https://static.zara.net/assets/public/d6b6/686a/8afe4630a350/270dab704a78/00264431800-e1.jpg?ts=1730252475263"
"3229966_1.jpg","top","vest","https://static.zara.net/assets/public/5ada/c97a/5b934208b0c3/8f349e324d2c/03253329250-e2.jpg?ts=1708937386432"
"3229966_2.jpg","top","vest","https://static.zara.net/assets/public/037c/e9f9/5fae4602a11e/2fd50cb79963/03253329250-e1.jpg?ts=1708937387219"
"3231792_1.jpg","top","short sleeve top","https://static.zara.net/assets/public/8d30/ac6b/842841499346/41ef5751a201/05584402250-e1.jpg?ts=1730209014445"
"3231792_2.jpg","top","short sleeve top","https://static.zara.net/assets/public/7f03/f737/de9c4d688aa4/ea7782aad86d/05584402800-e1.jpg?ts=1730209032758"
"3235689_1.jpg","dress","vest dress","https://static.zara.net/assets/public/b04f/2554/328c46719e70/1a706218e954/00881304250-e1.jpg?ts=1730396712432"
"3235689_2.jpg","dress","vest dress","https://static.zara.net/assets/public/9977/3341/5a0e497d9971/996976ebef16/00881304800-e1.jpg?ts=1730396738979"
"3235820_1.jpg","dress","long sleeve dress","https://static.zara.net/assets/public/ce2d/060d/002f4063aaba/599a34d3f5ab/07901879800-e1.jpg?ts=1730272076102"
"3235820_2.jpg","dress","long sleeve dress","https://static.zara.net/assets/public/a2d9/9a86/710b467796b3/1a51d23b4449/07901879720-e1.jpg?ts=1730272054754"
"3240132_1.jpg","top","long sleeve top","https://static.zara.net/assets/public/6286/a634/ffea480db83b/add17f690968/07545403800-e1.jpg?ts=1730202021567"
"3240132_2.jpg","top","long sleeve top","https://static.zara.net/assets/public/075f/274c/514240d7ad74/eeeee580e4b3/07545403250-e1.jpg?ts=1730549397199"
"3240169_1.jpg","dress","long sleeve dress","https://static.zara.net/assets/public/aef7/eeee/d433469b830e/a23e8b78c07e/01255716800-e1.jpg?ts=1730220996027"
"3240169_2.jpg","dress","long sleeve dress","https://static.zara.net/assets/public/4eae/9f24/e1554ecab8bc/4254ed47eb26/01255716800-e2.jpg?ts=1730220996215"
"3240608_1.jpg","top","long sleeve top","https://static.zara.net/assets/public/7b0c/d33e/9562495fb5ec/07d91ea68e52/02165003250-e1.jpg?ts=1692341979544"
"3240608_2.jpg","top","long sleeve top","https://static.zara.net/assets/public/8e2a/e83e/09b14ee3a561/87299f381599/02165003250-e2.jpg?ts=1692341978303"
"3244043_1.jpg","bottom","skirt","https://static.zara.net/assets/public/d6b6/686a/8afe4630a350/270dab704a78/00264431800-e1.jpg?ts=1730252475263"
"3244043_2.jpg","bottom","skirt","https://static.zara.net/assets/public/0dd1/96a4/f7384c3badb7/8e528c4f7a4c/00264431707-e1.jpg?ts=1730252431237"
"3244640_1.jpg","bottom","skirt","https://static.zara.net/assets/public/8e68/c907/ec0d4145868d/612ab068f119/04661515756-e1.jpg?ts=1730220113599"
"3244640_2.jpg","bottom","skirt","https://static.zara.net/assets/public/d909/ac08/a4274c1b88ef/7d1ca73476b0/04661515800-e1.jpg?ts=1730220138428"
"3251191_1.jpg","top","long sleeve top","https://static.zara.net/assets/public/4857/3274/9b6343e28423/d01e04b95432/04302406800-e2.jpg?ts=1730400584748"
"3251191_2.jpg","top","long sleeve top","https://static.zara.net/assets/public/cb35/7a02/16044df9a975/7eece5f0e29d/04302406800-e1.jpg?ts=1730400585726"
"3259577_1.jpg","top","long sleeve top","https://static.zara.net/assets/public/a5c1/8aed/c4ff4f468e61/24674136963c/08496298802-e1.jpg?ts=1730243235459"
"3259577_2.jpg","top","long sleeve top","https://static.zara.net/assets/public/1faa/d60d/dd524a42b5a2/49e6d804d73c/08496298704-e1.jpg?ts=1730243179232"
"3262156_1.jpg","top","long sleeve top","https://static.zara.net/assets/public/bf64/53e4/476d466e9ed5/96dc35def6a4/04302414500-e2.jpg?ts=1693902387243"
"3262156_2.jpg","top","long sleeve top","https://static.zara.net/assets/public/8817/e660/442041cda013/b6c6f6201d51/04302414500-e1.jpg?ts=1693902389227"
"3282311_1.jpg","top","short sleeve top","https://static.zara.net/assets/public/3c05/8726/b9134390b946/4bb3584d720c/00526324800-e1.jpg?ts=1730202336011"
"3282311_2.jpg","top","short sleeve top","https://static.zara.net/assets/public/be69/de28/2eea4e94a70a/f2c5d4f608d3/00526324250-e1.jpg?ts=1730202311071"
"3282346_1.jpg","top","short sleeve top","https://static.zara.net/assets/public/3d72/1952/2cec474cba65/a5f7fd614841/02621310710-e1.jpg?ts=1730232506218"
"3282346_2.jpg","top","short sleeve top","https://static.zara.net/assets/public/9d89/05bc/af13435e8a86/5b9ae9ff59d2/02621310251-e1.jpg?ts=1730232451639"
"3282371_1.jpg","top","vest","https://static.zara.net/assets/public/889f/0924/65354a6ab2d3/e62bedd0e726/00679320250-e1.jpg?ts=1730247103788"
"3282371_2.jpg","top","vest","https://static.zara.net/assets/public/9f6d/f59b/e3864405b1f0/885921e72068/00679320800-e1.jpg?ts=1730247144494"
"3282404_1.jpg","top","long sleeve top","https://static.zara.net/assets/public/ffc7/3a78/7ebd4642aa11/5ce91b1894d8/08456298800-e1.jpg?ts=1730250575043"
"3282404_2.jpg","top","long sleeve top","https://static.zara.net/assets/public/3f00/2ab0/101248e0a984/5573aa79489f/08456298800-e2.jpg?ts=1730250575034"
"3282516_1.jpg","top","long sleeve top","https://static.zara.net/assets/public/2eab/964a/b3b34a7cb36a/09e8a5facfeb/00264837800-e1.jpg?ts=1730256043071"
"3282516_2.jpg","top","long sleeve top","https://static.zara.net/assets/public/2d9a/05e0/fe34412393f5/dd70ec78f3a6/00264837712-e1.jpg?ts=1730256022531"
"3282531_1.jpg","dress","short sleeve dress","https://static.zara.net/assets/public/a2f5/c793/5b7640edaff4/2174054b67dd/05039817721-e1.jpg?ts=1730300761084"
"3282531_2.jpg","dress","short sleeve dress","https://static.zara.net/assets/public/ce4a/db45/7470499a8333/e0e346b70478/05039817824-e1.jpg?ts=1730541735498"
"3282585_1.jpg","dress","long sleeve dress","https://static.zara.net/assets/public/4eae/9f24/e1554ecab8bc/4254ed47eb26/01255716800-e2.jpg?ts=1730220996215"
"3282585_2.jpg","dress","long sleeve dress","https://static.zara.net/assets/public/aef7/eeee/d433469b830e/a23e8b78c07e/01255716800-e1.jpg?ts=1730220996027"
"3282690_1.jpg","top","long sleeve top","https://static.zara.net/assets/public/e043/69a8/bdb945969ce8/d22c7e5939ae/03046835803-e1.jpg?ts=1730252158107"
"3282690_2.jpg","top","long sleeve top","https://static.zara.net/assets/public/b85d/c356/17b04e34b89a/12e2737383c2/03046835710-e1.jpg?ts=1730252139549"
"3283969_1.jpg","dress","short sleeve dress","https://static.zara.net/assets/public/0ea9/5d44/f85c4ed1b2d7/d99f454f16d5/04174667532-e1.jpg?ts=1730542712557"
"3283969_2.jpg","dress","short sleeve dress","https://static.zara.net/assets/public/fe4a/3e2b/2d124bb98012/4da0822bd962/04174667800-e1.jpg?ts=1730542732207"
"3293240_1.jpg","top","long sleeve top","https://static.zara.net/assets/public/b4eb/1470/606e4edc8c3f/136876efc9b9/07545401800-e1.jpg?ts=1730242383828"
"3293240_2.jpg","top","long sleeve top","https://static.zara.net/assets/public/50b7/a823/d96544d6aa04/6774703e407e/07545401250-e1.jpg?ts=1730234950533"
"3295683_1.jpg","dress","vest dress","https://static.zara.net/assets/public/406d/51dc/7f1b4804befa/18b1c7a6dec2/06895245400-e2.jpg?ts=1730387847121"
"3295683_2.jpg","dress","vest dress","https://static.zara.net/assets/public/1713/77db/70ab4eb4969f/bf1b5e299ba6/06895245400-e1.jpg?ts=1730387846948"
"3296365_1.jpg","top","long sleeve top","https://static.zara.net/assets/public/7207/28f0/c9514dca9cdf/5347f2b35ce6/04331001084-e2.jpg?ts=1694602847838"
"3296365_2.jpg","top","long sleeve top","https://static.zara.net/assets/public/93e2/dd26/71f44e25abd5/ab5abe810b7b/04331001084-e1.jpg?ts=1694602848945"
"3300209_1.jpg","dress","vest dress","https://static.zara.net/assets/public/e902/14c1/c19544aaa93b/6aa5a0388fa6/05584481052-e1.jpg?ts=1730259418548"
"3300209_2.jpg","dress","vest dress","https://static.zara.net/assets/public/8154/82be/c07046b6aaaf/2d858f369dd6/05584481800-e1.jpg?ts=1730259466426"
"3304689_1.jpg","dress","short sleeve dress","https://static.zara.net/assets/public/e73a/06bc/a1f44c66bb06/db53ec8b356c/07885708800-e2.jpg?ts=1730385501888"
"3304689_2.jpg","dress","short sleeve dress","https://static.zara.net/assets/public/441d/9aed/f64b41d79ab6/88bba579c62a/07885708800-e1.jpg?ts=1730385501484"
"3305271_1.jpg","bottom","shorts","https://static.zara.net/assets/public/808e/389e/f654430fbd94/0eda125a5047/05862039427-e1.jpg?ts=1730543746787"
"3305271_2.jpg","bottom","shorts","https://static.zara.net/assets/public/3aab/6ead/ec584e07a7e5/979d5c6f9f1e/05862039427-e2.jpg?ts=1730543746846"
"3305989_1.jpg","top","long sleeve top","https://static.zara.net/assets/public/1229/3708/498b4674b810/33331789a37c/08574661806-e2.jpg?ts=1698134394996"
"3305989_2.jpg","top","long sleeve top","https://static.zara.net/assets/public/0a4d/1387/6dc6438393bc/585ce6d88eb7/08574661806-e1.jpg?ts=1698134394620"
"3306432_1.jpg","top","short sleeve top","https://static.zara.net/assets/public/26b9/8155/37e14c678580/a338222790e1/01887400800-e1.jpg?ts=1730537633641"
"3306432_2.jpg","top","short sleeve top","https://static.zara.net/assets/public/5aa0/6371/600846f09b0d/561914fe3b24/01887400250-e1.jpg?ts=1730537612767"
"3308450_1.jpg","top","vest","https://static.zara.net/assets/public/9f6d/f59b/e3864405b1f0/885921e72068/00679320800-e1.jpg?ts=1730247144494"
"3308450_2.jpg","top","vest","https://static.zara.net/assets/public/889f/0924/65354a6ab2d3/e62bedd0e726/00679320250-e1.jpg?ts=1730247103788"
"3309268_1.jpg","dress","long sleeve dress","https://static.zara.net/assets/public/972f/a5ac/b5ae4ebe903f/2cbe1d4ff05e/08367044505-e1.jpg?ts=1691150041498"
"3309268_2.jpg","dress","long sleeve dress","https://static.zara.net/assets/public/cea8/561c/0c6e47bda456/5aa5d1736d02/08367044505-e2.jpg?ts=1691150040956"
"3310713_1.jpg","dress","short sleeve dress","https://static.zara.net/assets/public/8229/fb74/b92c4471976f/fdff4e42bca6/07885708505-e2.jpg?ts=1730385923053"
"3310713_2.jpg","dress","short sleeve dress","https://static.zara.net/assets/public/463f/9081/9d6148ec8675/28d0dd0366f7/07885708505-e1.jpg?ts=1730385923281"
"3316117_1.jpg","top","long sleeve top","https://static.zara.net/assets/public/32cc/9667/86f046e58410/004350fb3f9d/06318400711-e1.jpg?ts=1730391648630"
"3316117_2.jpg","top","long sleeve top","https://static.zara.net/assets/public/cb3b/9572/240643179a7f/cdad21564e33/06318400711-e2.jpg?ts=1730391648756"
"3316123_1.jpg","top","vest","https://static.zara.net/assets/public/19cb/ae70/30504993a265/70f491028335/04302415800-e2.jpg?ts=1693902378679"
"3316123_2.jpg","top","vest","https://static.zara.net/assets/public/0d99/d9fb/6c43403ca522/029783766e9f/04302415800-e1.jpg?ts=1693902387332"
"3317118_1.jpg","top","long sleeve top","https://static.zara.net/assets/public/808a/1cb4/0ad348118eb2/cdacc253d9d8/04877240802-e2.jpg?ts=1691061345902"
"3317118_2.jpg","top","long sleeve top","https://static.zara.net/assets/public/ac39/292b/f84944e19b9a/5e5b11b8ee8f/04877240802-e1.jpg?ts=1691061345699"
"3323274_1.jpg","top","long sleeve top","https://static.zara.net/assets/public/2546/007a/c41c4caebaed/9de3390b37fa/08281421800-e2.jpg?ts=1698234142571"
"3323274_2.jpg","top","long sleeve top","https://static.zara.net/assets/public/9de7/f5e6/82a84646a522/cd8cb04c2370/08281421800-e1.jpg?ts=1698234142939"
"3323281_1.jpg","top","long sleeve top","https://static.zara.net/assets/public/bf81/af74/c9874a8a95a1/ecfe6cc5dd93/08281433800-e1.jpg?ts=1700738487256"
"3323281_2.jpg","top","long sleeve top","https://static.zara.net/assets/public/bfcf/b4c7/89074709b415/4e0666ad6f6f/08281433800-e2.jpg?ts=1700738486105"
"3323286_1.jpg","top","vest","https://static.zara.net/assets/public/9820/c9b8/68ef4bc7a837/23f0133abcc6/06985454800-e2.jpg?ts=1694675783035"
"3323286_2.jpg","top","vest","https://static.zara.net/assets/public/2301/5c09/0fce4659b895/d4c0309ee9c9/06985454800-e1.jpg?ts=1694675799183"
"3326121_1.jpg","bottom","skirt","https://static.zara.net/assets/public/19a2/842c/b3514920831c/dd414ddaf04b/07521246330-e2.jpg?ts=1730384324497"
"3326121_2.jpg","bottom","skirt","https://static.zara.net/assets/public/3299/c9a9/32804d71af7e/a648e6e53d71/07521246330-e1.jpg?ts=1730384324638"
"3326844_1.jpg","bottom","skirt","https://static.zara.net/assets/public/5908/e2c1/a02c4b719c7c/90d931bd83e5/02731270681-e1.jpg?ts=1730385101309"
"3326844_2.jpg","bottom","skirt","https://static.zara.net/assets/public/cca9/63d5/cecd4df8a132/71ce8e4a810b/02731270681-e2.jpg?ts=1730385100735"
"3329054_1.jpg","dress","long sleeve dress","https://static.zara.net/assets/public/9483/8c0a/767f4f8e9c5b/f20554c9c05c/03811241450-e2.jpg?ts=1694159722216"
"3329054_2.jpg","dress","long sleeve dress","https://static.zara.net/assets/public/9a7f/5d41/5c5e4eeeb685/863921b8975f/03811241450-e1.jpg?ts=1694159724034"
"3329963_1.jpg","dress","long sleeve dress","https://static.zara.net/assets/public/afde/69b7/64834dcb99bf/af55d515096f/08538332800-e1.jpg?ts=1695194991137"
"3329963_2.jpg","dress","long sleeve dress","https://static.zara.net/assets/public/a2d0/c57a/6e7c4267b475/896a6e1981f0/08538332800-e2.jpg?ts=1695194991413"
"3329965_1.jpg","dress","long sleeve dress","https://static.zara.net/assets/public/a2d0/c57a/6e7c4267b475/896a6e1981f0/08538332800-e2.jpg?ts=1695194991413"
"3329965_2.jpg","dress","long sleeve dress","https://static.zara.net/assets/public/afde/69b7/64834dcb99bf/af55d515096f/08538332800-e1.jpg?ts=1695194991137"
"3330045_1.jpg","top","long sleeve top","https://static.zara.net/assets/public/ff0f/e0a2/5d414cf0a2f5/8356e069d8c4/02753432800-e2.jpg?ts=1730244619362"
"3330045_2.jpg","top","long sleeve top","https://static.zara.net/assets/public/8be0/ebd8/22554d0280ca/2bb94c1b3c84/02753432800-e1.jpg?ts=1730244619639"
"3333146_1.jpg","top","long sleeve top","https://static.zara.net/assets/public/8d2f/99dc/0a544e45850c/14b83a3c8947/03471037806-e1.jpg?ts=1690905279303"
"3333146_2.jpg","top","long sleeve top","https://static.zara.net/assets/public/e9f9/0526/11244865a00c/db32289794e4/03471037806-e2.jpg?ts=1690905281263"
"3333148_1.jpg","top","vest","https://static.zara.net/assets/public/7179/d078/f5ef4073b9ff/e55c065c4f67/03471038800-e1.jpg?ts=1690905282555"
"3333148_2.jpg","top","vest","https://static.zara.net/assets/public/b7de/7860/5e594c6d9d8b/64a9a2f38ca5/03471038800-e2.jpg?ts=1690905286675"
"3334090_1.jpg","top","long sleeve top","https://static.zara.net/assets/public/5f4d/4dfc/2f8b44578054/153f97ea5130/03918422800-e2.jpg?ts=1699540257770"
"3334090_2.jpg","top","long sleeve top","https://static.zara.net/assets/public/1850/93eb/da2b46e081d8/45a671cd1ad9/03918422800-e1.jpg?ts=1699540257838"
"3334413_1.jpg","top","long sleeve top","https://static.zara.net/assets/public/58eb/9e2a/54c34dfeb022/ed41c033947d/05071402802-e2.jpg?ts=1694675801435"
"3334413_2.jpg","top","long sleeve top","https://static.zara.net/assets/public/8941/a2c8/0c0744229478/8bb681a729a2/05071402802-e1.jpg?ts=1694675800621"
"3334432_1.jpg","dress","long sleeve dress","https://static.zara.net/assets/public/aaae/4833/77434a2c9fd4/5994e74f97c5/00518051500-e2.jpg?ts=1697702466085"
"3334432_2.jpg","dress","long sleeve dress","https://static.zara.net/assets/public/e017/9aa7/7fc84973b96e/de2bab626777/00518051500-e1.jpg?ts=1697702465743"
"3334433_1.jpg","dress","long sleeve dress","https://static.zara.net/assets/public/b9d8/2afe/cff846e88188/05c7a794d515/00518052401-e2.jpg?ts=1694690661951"
"3334433_2.jpg","dress","long sleeve dress","https://static.zara.net/assets/public/b495/1582/7b6a4b038aad/14a9edccbc9a/00518052401-e1.jpg?ts=1694690661989"
"3334435_1.jpg","top","long sleeve top","https://static.zara.net/assets/public/92fd/5869/39f94338b4c1/a0065c8581eb/05479242800-e2.jpg?ts=1695048196602"
"3334435_2.jpg","top","long sleeve top","https://static.zara.net/assets/public/ad65/b9ab/8c0542b6b411/5ce42a81b596/05479242800-e1.jpg?ts=1695048197833"
"3334438_1.jpg","dress","long sleeve dress","https://static.zara.net/assets/public/14f6/ccce/2c814cc0b205/4b8a360108d2/00518050800-e1.jpg?ts=1695048637944"
"3334438_2.jpg","dress","long sleeve dress","https://static.zara.net/assets/public/1efe/790d/2c074b879674/fc76cf501535/00518050800-e2.jpg?ts=1695048637899"
"3338896_1.jpg","bottom","skirt","https://static.zara.net/assets/public/52a5/5a2e/a6714a62ad6f/8999a49d237f/06164101427-e1.jpg?ts=1691999831613"
"3338896_2.jpg","bottom","skirt","https://static.zara.net/assets/public/09bd/888e/c1da44de9648/8aaa29c1658f/06164101427-e2.jpg?ts=1691999831432"
"3338913_1.jpg","top","long sleeve top","https://static.zara.net/assets/public/da72/3d49/d7814bcca4d5/fba2c64ca0bd/06164102427-e2.jpg?ts=1691999825400"
"3338913_2.jpg","top","long sleeve top","https://static.zara.net/assets/public/6c5b/45a7/c50c473eb7fd/b2d902738124/06164102427-e1.jpg?ts=1691999830017"
"3339074_1.jpg","top","long sleeve top","https://static.zara.net/assets/public/d01c/7f80/3f794c61bcfa/9e19c5693b41/07522240800-e1.jpg?ts=1694423109484"
"3339074_2.jpg","top","long sleeve top","https://static.zara.net/assets/public/cc54/3c40/56aa4b7bbeab/6adbb0ce05b6/07522240800-e2.jpg?ts=1693931387435"
"3341696_1.jpg","top","long sleeve top","https://static.zara.net/assets/public/4451/9d43/61aa425faee6/22ac36dedc62/01255777800-e1.jpg?ts=1702995440419"
"3341696_2.jpg","top","long sleeve top","https://static.zara.net/assets/public/14ce/65ff/a83b451eb8ff/1bac880849ba/01255777800-e2.jpg?ts=1702995440650"
"3341836_1.jpg","top","long sleeve top","https://static.zara.net/assets/public/0045/c607/aa08429884b7/0d47dfc15b16/00518241805-e2.jpg?ts=1694614227784"
"3341836_2.jpg","top","long sleeve top","https://static.zara.net/assets/public/0723/e7bb/d3ca49b8a2f2/ea92a716a2e4/00518241805-e1.jpg?ts=1694614227957"
"3341852_1.jpg","top","long sleeve top","https://static.zara.net/assets/public/d319/d9d3/15854963a7a0/999d7616ce1e/00518245832-e1.jpg?ts=1693552595147"
"3341852_2.jpg","top","long sleeve top","https://static.zara.net/assets/public/eb5f/7c8a/45094ed09e8a/9892a84b6c77/00518245832-e2.jpg?ts=1693552596661"
"3342354_1.jpg","dress","long sleeve dress","https://static.zara.net/assets/public/1e7b/3e57/f08147179a59/920420df3bb0/00518246800-e2.jpg?ts=1696237124775"
"3342354_2.jpg","dress","long sleeve dress","https://static.zara.net/assets/public/8c2b/924a/dd104fe39ca1/c9c3cc7e381f/00518246800-e1.jpg?ts=1696237133031"
"3342742_1.jpg","top","long sleeve top","https://static.zara.net/assets/public/823c/f6a8/6ffb43b796e7/ddbdd9ecb734/00518249800-e2.jpg?ts=1697702496097"
"3342742_2.jpg","top","long sleeve top","https://static.zara.net/assets/public/7891/ed23/d2754396b3d9/032a611bcef0/00518249800-e1.jpg?ts=1697702501175"
"3342771_1.jpg","top","long sleeve top","https://static.zara.net/assets/public/0434/5557/f27142a58a96/068d14e65b08/00518252401-e1.jpg?ts=1693551706011"
"3342771_2.jpg","top","long sleeve top","https://static.zara.net/assets/public/3efa/27d9/e6cf4a769c86/b03a8faa2916/00518252401-e2.jpg?ts=1693551705901"
"3342806_1.jpg","dress","long sleeve dress","https://static.zara.net/assets/public/db0f/08fd/25b241dda2d9/f538b7199ecb/00518254800-e2.jpg?ts=1695048198603"
"3342806_2.jpg","dress","long sleeve dress","https://static.zara.net/assets/public/75cf/c4ee/637a41de9042/c5f131be7886/00518254800-e1.jpg?ts=1695048197361"
"3342829_1.jpg","top","long sleeve top","https://static.zara.net/assets/public/c3bf/b376/7bf74b0182c9/2fc92660710b/02731259711-e1.jpg?ts=1691581524695"
"3342829_2.jpg","top","long sleeve top","https://static.zara.net/assets/public/5998/53b9/197d434695bf/d4b319956efd/02731259711-e2.jpg?ts=1691581523183"
"3342848_1.jpg","top","long sleeve top","https://static.zara.net/assets/public/65b0/eaac/10634ed2af89/a6a11ae5be68/03548240700-e2.jpg?ts=1695365374690"
"3342848_2.jpg","top","long sleeve top","https://static.zara.net/assets/public/db3c/836d/b4f0403aa5a2/50d54b484b86/03548240700-e1.jpg?ts=1695365374291"
"3343415_1.jpg","top","long sleeve top","https://static.zara.net/assets/public/075b/0221/7e864618ab4f/9adf985edeb2/02969258700-e1.jpg?ts=1694080714391"
"3343415_2.jpg","top","long sleeve top","https://static.zara.net/assets/public/7b85/bf43/3c064096831c/404763d7d046/02969258700-e2.jpg?ts=1694080714207"
"3343423_1.jpg","top","long sleeve top","https://static.zara.net/assets/public/b7ab/f9d3/554a48be80be/cbf36ebbfe09/02969262800-e2.jpg?ts=1696932997709"
"3343423_2.jpg","top","long sleeve top","https://static.zara.net/assets/public/bc16/6681/0b1c4e7c8eac/72988812cec5/02969262800-e1.jpg?ts=1696933000707"
"3344330_1.jpg","top","long sleeve top","https://static.zara.net/assets/public/22f5/c030/d250406ba64c/093122803a67/02969264700-e1.jpg?ts=1695310896992"
"3344330_2.jpg","top","long sleeve top","https://static.zara.net/assets/public/0322/3b5f/ab7b49729b8d/d7c7b5728324/02969264700-e2.jpg?ts=1695310897102"
"3345085_1.jpg","dress","vest dress","https://static.zara.net/assets/public/c603/f9d3/ba9044179d79/336702bb6865/06895249330-e2.jpg?ts=1730387474233"
"3345085_2.jpg","dress","vest dress","https://static.zara.net/assets/public/3cdd/984a/8c8b455b92b3/cc936cd98fed/06895249330-e1.jpg?ts=1730387474283"
"3345982_1.jpg","top","long sleeve top","https://static.zara.net/assets/public/f840/da2c/084a4b0f8036/444810782e44/08073201505-e2.jpg?ts=1694763553092"
"3345982_2.jpg","top","long sleeve top","https://static.zara.net/assets/public/676e/6408/24d24a869284/71d56d2c95dd/08073201505-e1.jpg?ts=1694763553333"
"3346046_1.jpg","dress","long sleeve dress","https://static.zara.net/assets/public/0065/9951/a4714d3d9f71/a3048c9e1541/07522252715-e1.jpg?ts=1696238148239"
"3346046_2.jpg","dress","long sleeve dress","https://static.zara.net/assets/public/9f14/5c4a/008048f89c2d/657b93e5e247/07522252715-e2.jpg?ts=1696238146020"
"3346059_1.jpg","top","long sleeve top","https://static.zara.net/assets/public/deab/46de/a82f4b658243/e2f09fcfbe11/03046204808-e1.jpg?ts=1695365253424"
"3346059_2.jpg","top","long sleeve top","https://static.zara.net/assets/public/8174/506b/e6534093a7fd/0566047a487e/03046204808-e2.jpg?ts=1695365253950"
"3346164_1.jpg","dress","long sleeve dress","https://static.zara.net/assets/public/5295/8f65/e1bd46ba82af/605215c2790c/08073207800-e1.jpg?ts=1699961472993"
"3346164_2.jpg","dress","long sleeve dress","https://static.zara.net/assets/public/4c2e/3b5d/ecf943eb9ea6/06cc10c7087f/08073207800-e2.jpg?ts=1699961472983"
"3346175_1.jpg","dress","long sleeve dress","https://static.zara.net/assets/public/f9a8/e382/40c84035b519/7aef1eea992e/08073208800-e2.jpg?ts=1698683552793"
"3346175_2.jpg","dress","long sleeve dress","https://static.zara.net/assets/public/4cd7/ac19/aa0645dd85da/f5866e160c54/08073208800-e1.jpg?ts=1698683552232"
"3346203_1.jpg","dress","long sleeve dress","https://static.zara.net/assets/public/ae09/e536/f51649ff80d4/13cad16b613d/08073209800-e2.jpg?ts=1699014949284"
"3346203_2.jpg","dress","long sleeve dress","https://static.zara.net/assets/public/204f/c4c1/b55246449870/1737a96bfaf6/08073209800-e1.jpg?ts=1699014949292"
"3346208_1.jpg","top","long sleeve top","https://static.zara.net/assets/public/6b95/3486/fdc441d0a7de/576a3e09ce4e/08073210800-e2.jpg?ts=1698402983496"
"3346208_2.jpg","top","long sleeve top","https://static.zara.net/assets/public/a9f5/eb53/171d450fba6a/ea978e5f5c53/08073210800-e1.jpg?ts=1698402983765"
"3346215_1.jpg","dress","long sleeve dress","https://static.zara.net/assets/public/155a/32c9/45fa4c56ba68/5a718e315625/03046208800-e2.jpg?ts=1699602703712"
"3346215_2.jpg","dress","long sleeve dress","https://static.zara.net/assets/public/a274/7a85/4d2348228f0c/5fd49fed58c3/03046208800-e1.jpg?ts=1699602704087"
"3346374_1.jpg","top","long sleeve top","https://static.zara.net/assets/public/ac10/1ba0/08d04beeb649/230262d286c3/03427776800-e1.jpg?ts=1698222732724"
"3346374_2.jpg","top","long sleeve top","https://static.zara.net/assets/public/d7e1/31e6/57e24785921f/8ac357c70f69/03427776800-e2.jpg?ts=1698222731612"
"3346401_1.jpg","top","long sleeve top","https://static.zara.net/assets/public/6793/3e8f/0fd541a98ce9/f14c392f72ff/07545527104-e1.jpg?ts=1692968143896"
"3346401_2.jpg","top","long sleeve top","https://static.zara.net/assets/public/50bb/5153/90344c9187cd/4189d7698d45/07545527104-e2.jpg?ts=1692968144093"
"3346402_1.jpg","top","long sleeve top","https://static.zara.net/assets/public/e9ed/5064/f90e48ef803b/9f314ad00903/07545528403-e2.jpg?ts=1691667876014"
"3346402_2.jpg","top","long sleeve top","https://static.zara.net/assets/public/bf6a/0ebd/dd434f78ad55/945b25540422/07545528403-e1.jpg?ts=1691667875338"
"3346403_1.jpg","top","long sleeve top","https://static.zara.net/assets/public/9d2e/a715/6ad3400cb510/6b1f994415f2/07545521401-e2.jpg?ts=1697526108990"
"3346403_2.jpg","top","long sleeve top","https://static.zara.net/assets/public/4815/e20e/f1ce4c1ca1b3/5e18259429f5/07545521401-e1.jpg?ts=1697526109948"
"3346872_1.jpg","top","long sleeve top","https://static.zara.net/assets/public/bf10/16ba/594946559f89/0d6f77e178d1/05071201505-e2.jpg?ts=1696335088863"
"3346872_2.jpg","top","long sleeve top","https://static.zara.net/assets/public/a3de/4f07/83db4eadab26/dd006d06974d/05071201505-e1.jpg?ts=1696335088827"
"3346875_1.jpg","bottom","skirt","https://static.zara.net/assets/public/5139/9e81/681345acbbfe/80631078c0c7/01879223427-e1.jpg?ts=1692947396702"
"3346875_2.jpg","bottom","skirt","https://static.zara.net/assets/public/88cd/9500/855d49568cd4/d44f66ef5dc5/01879223427-e2.jpg?ts=1692947395334"
"3346892_1.jpg","top","long sleeve top","https://static.zara.net/assets/public/77df/296d/33ff471cb6eb/cacd2a5f685d/01879224427-e2.jpg?ts=1691999721024"
"3346892_2.jpg","top","long sleeve top","https://static.zara.net/assets/public/96fb/1934/6b374f708aed/99cb3152850b/01879224427-e1.jpg?ts=1691999722166"
"3346941_1.jpg","top","vest","https://static.zara.net/assets/public/1683/5cca/42a7427c9c90/df13485b7997/07522254801-e1.jpg?ts=1699960315452"
"3346941_2.jpg","top","vest","https://static.zara.net/assets/public/b994/edbb/b1484bf890b2/68aaea4b221c/07522254801-e2.jpg?ts=1699960317783"
"3346944_1.jpg","bottom","skirt","https://static.zara.net/assets/public/582f/5960/1be54cc3b543/3db58756ce34/07522255801-e1.jpg?ts=1699960316983"
"3346944_2.jpg","bottom","skirt","https://static.zara.net/assets/public/692b/ba57/fd054ac6b5d0/8e6ba4d74fc8/07522255801-e2.jpg?ts=1699960327696"
"3347929_1.jpg","top","long sleeve top","https://static.zara.net/assets/public/b2cb/7a4e/f9224595a232/bf3370e32ebe/06318201706-e1.jpg?ts=1699444000928"
"3347929_2.jpg","top","long sleeve top","https://static.zara.net/assets/public/24ee/135a/5a6941a9ad80/21915dfe07f8/06318201706-e2.jpg?ts=1699444001264"
"3347936_1.jpg","top","long sleeve top","https://static.zara.net/assets/public/24ee/135a/5a6941a9ad80/21915dfe07f8/06318201706-e2.jpg?ts=1699444001264"
"3347936_2.jpg","top","long sleeve top","https://static.zara.net/assets/public/b2cb/7a4e/f9224595a232/bf3370e32ebe/06318201706-e1.jpg?ts=1699444000928"
"3348168_1.jpg","top","long sleeve top","https://static.zara.net/assets/public/1a21/f874/d585473f9fa7/9354091da832/06318204800-e2.jpg?ts=1698402983623"
"3348168_2.jpg","top","long sleeve top","https://static.zara.net/assets/public/5d88/2560/4ffe4a79ae10/89c988b99aef/06318204800-e1.jpg?ts=1698402983562"
"3359937_1.jpg","top","long sleeve top","https://static.zara.net/assets/public/2037/5700/102e4722ab97/0f229aa15c2a/04376403800-e2.jpg?ts=1694102177846"
"3359937_2.jpg","top","long sleeve top","https://static.zara.net/assets/public/1a1c/c1d7/42d04c72af3e/d567faf3a9db/04376403800-e1.jpg?ts=1694102177903"
"3359945_1.jpg","top","long sleeve top","https://static.zara.net/assets/public/2037/5700/102e4722ab97/0f229aa15c2a/04376403800-e2.jpg?ts=1694102177846"
"3359945_2.jpg","top","long sleeve top","https://static.zara.net/assets/public/1a1c/c1d7/42d04c72af3e/d567faf3a9db/04376403800-e1.jpg?ts=1694102177903"
"3359947_1.jpg","top","long sleeve top","https://static.zara.net/assets/public/2037/5700/102e4722ab97/0f229aa15c2a/04376403800-e2.jpg?ts=1694102177846"
"3359947_2.jpg","top","long sleeve top","https://static.zara.net/assets/public/1a1c/c1d7/42d04c72af3e/d567faf3a9db/04376403800-e1.jpg?ts=1694102177903"
"3361569_1.jpg","top","long sleeve top","https://static.zara.net/assets/public/50b7/a823/d96544d6aa04/6774703e407e/07545401250-e1.jpg?ts=1730234950533"
"3361569_2.jpg","top","long sleeve top","https://static.zara.net/assets/public/b4eb/1470/606e4edc8c3f/136876efc9b9/07545401800-e1.jpg?ts=1730242383828"
"3361612_1.jpg","top","short sleeve top","https://static.zara.net/assets/public/2753/048e/1adb4844b5c1/7df60f29da53/07545533020-e2.jpg?ts=1691047066677"
"3361612_2.jpg","top","short sleeve top","https://static.zara.net/assets/public/94da/8203/dd0d459aaf2a/feea5ac5e6e9/07545533020-e1.jpg?ts=1691047060813"
"3361614_1.jpg","top","short sleeve top","https://static.zara.net/assets/public/4fbd/723e/c4fe4804af2b/2a102217648a/07545534021-e1.jpg?ts=1691047061703"
"3361614_2.jpg","top","short sleeve top","https://static.zara.net/assets/public/523e/68f2/517440ad93c5/29d4bf16711f/07545534021-e2.jpg?ts=1691047061134"
"3361619_1.jpg","top","short sleeve top","https://static.zara.net/assets/public/a8e7/bb85/f1a84819ad70/dec6f8bd7d16/07545535104-e1.jpg?ts=1691047059631"
"3361619_2.jpg","top","short sleeve top","https://static.zara.net/assets/public/1ccb/f056/a7ec4b5d8f0a/db4aa881d053/07545535104-e2.jpg?ts=1691047058155"
"3371299_1.jpg","dress","long sleeve dress","https://static.zara.net/assets/public/7f91/51cc/9db740da849c/822a3570c59e/08073045802-e2.jpg?ts=1692174216619"
"3371299_2.jpg","dress","long sleeve dress","https://static.zara.net/assets/public/c2b5/9f02/d56d439789d1/506afea24e1f/08073045802-e1.jpg?ts=1692174217894"
"3372729_1.jpg","dress","long sleeve dress","https://static.zara.net/assets/public/b7eb/8e62/e2ec41b58647/8e4b34013bf8/07522264751-e2.jpg?ts=1698402982020"
"3372729_2.jpg","dress","long sleeve dress","https://static.zara.net/assets/public/7ee3/3ff8/46744cec8f47/60e5c99eb3e5/07522264751-e1.jpg?ts=1698402980104"
"3374649_1.jpg","top","short sleeve top","https://static.zara.net/assets/public/4772/178e/0d444d4b8f83/60cea690464a/04442350807-e2.jpg?ts=1700124835863"
"3374649_2.jpg","top","short sleeve top","https://static.zara.net/assets/public/9491/1cbe/19df4ee7b193/845f0f8c023d/04442350807-e1.jpg?ts=1700124835819"
"3374686_1.jpg","bottom","shorts","https://static.zara.net/assets/public/75c3/3dc0/789049d79d6b/350ecbfc0daa/04365156407-e2.jpg?ts=1690960149110"
"3374686_2.jpg","bottom","shorts","https://static.zara.net/assets/public/5d45/b8fe/3d9a477a80e6/9c658f45bdb9/04365156407-e1.jpg?ts=1690960152099"
"3375810_1.jpg","top","vest","https://static.zara.net/assets/public/7575/5fa8/4b9f46a6bb95/65f8037325c2/08073212800-e1.jpg?ts=1697784884487"
"3375810_2.jpg","top","vest","https://static.zara.net/assets/public/5be1/2723/666948dd97db/6b163f1246f6/08073212800-e2.jpg?ts=1697784884038"
"3376514_1.jpg","top","vest","https://static.zara.net/assets/public/5bbf/89a7/97bf4105b38b/af000b24c14d/03046212800-e1.jpg?ts=1693990621559"
"3376514_2.jpg","top","vest","https://static.zara.net/assets/public/7221/940b/a50241c99512/8f9d4f07d172/03046212800-e2.jpg?ts=1693990624930"
"3376664_1.jpg","top","vest","https://static.zara.net/assets/public/6040/8795/789240a1a905/bedd3a284003/03046215800-e1.jpg?ts=1698683551971"
"3376664_2.jpg","top","vest","https://static.zara.net/assets/public/25b1/03df/80bc4d6f8fe5/8d048f4fb500/03046215800-e2.jpg?ts=1698683551442"
"3379067_1.jpg","top","long sleeve top","https://static.zara.net/assets/public/d84b/8cdf/c5714abaa03c/e5af3e6ab73c/07608548704-e1.jpg?ts=1691132816778"
"3379067_2.jpg","top","long sleeve top","https://static.zara.net/assets/public/121b/d002/b6d84f63aa41/69fc11354b65/07608548704-e2.jpg?ts=1691132820627"
"3381308_1.jpg","dress","vest dress","https://static.zara.net/assets/public/5233/0bb8/921b4fcf80c2/91aed3637347/07521271330-e2.jpg?ts=1691132590775"
"3381308_2.jpg","dress","vest dress","https://static.zara.net/assets/public/79e8/c7c9/e12e4283863f/23499d3ccf8d/07521271330-e1.jpg?ts=1691132587306"
"3381445_1.jpg","top","long sleeve top","https://static.zara.net/assets/public/5ead/604b/58aa4c678b8b/c739588c94cf/09929322712-e2.jpg?ts=1691152610053"
"3381445_2.jpg","top","long sleeve top","https://static.zara.net/assets/public/148a/bea5/32af4b9fb165/30f487145a5a/09929322712-e1.jpg?ts=1691152611124"
"3381451_1.jpg","top","long sleeve top","https://static.zara.net/assets/public/8a05/b79c/072247648288/f00158f13e07/09929327526-e2.jpg?ts=1691999979800"
"3381451_2.jpg","top","long sleeve top","https://static.zara.net/assets/public/5b41/3ed1/ad7a405e9051/21b4312e5202/09929327526-e1.jpg?ts=1691999988722"
"3381465_1.jpg","top","long sleeve top","https://static.zara.net/assets/public/cd4f/04db/f35e4f408f3c/240b6b084ad0/09929228711-e2.jpg?ts=1692359905106"
"3381465_2.jpg","top","long sleeve top","https://static.zara.net/assets/public/66ee/80ec/e50744de8958/a56a3d38abf3/09929228711-e1.jpg?ts=1692359904787"
"3381773_1.jpg","top","vest","https://static.zara.net/assets/public/0d23/de89/d10e4e9f80bd/652339f5a9cc/02969266737-e1.jpg?ts=1693551041075"
"3381773_2.jpg","top","vest","https://static.zara.net/assets/public/2e0b/3dbc/bd5d45d9826e/df0621e29e9c/02969266737-e2.jpg?ts=1693551041048"
"3381799_1.jpg","dress","long sleeve dress","https://static.zara.net/assets/public/03f5/dec4/68ca480c9a68/d6ed140b208b/02449245400-e2.jpg?ts=1692174129659"
"3381799_2.jpg","dress","long sleeve dress","https://static.zara.net/assets/public/9ff5/3682/81ac474987cb/78ea9dee68cf/02449245400-e1.jpg?ts=1692174129572"
"3382729_1.jpg","top","vest","https://static.zara.net/assets/public/30bf/5a8d/c52448a2be02/90d4bb2afee6/04391710800-e2.jpg?ts=1695194091416"
"3382729_2.jpg","top","vest","https://static.zara.net/assets/public/84bf/bfd6/b6014fcfa40a/f696bbc8a04c/04391710800-e1.jpg?ts=1695194091208"
"3382733_1.jpg","top","vest","https://static.zara.net/assets/public/805e/6239/6f1d42c0b26a/e2635f31331b/03427712800-e2.jpg?ts=1694767454640"
"3382733_2.jpg","top","vest","https://static.zara.net/assets/public/0df4/17eb/acf6445fa24e/4c4eb428d52a/03427712800-e1.jpg?ts=1694767454068"
"3384758_1.jpg","top","vest","https://static.zara.net/assets/public/1999/e7ab/382f4c2da0bd/f870fb9938e7/04088241802-e1.jpg?ts=1691999821317"
"3384758_2.jpg","top","vest","https://static.zara.net/assets/public/2342/ea9e/05224f2787b0/2171535720b5/04088241802-e2.jpg?ts=1691999814836"
"3385262_1.jpg","top","long sleeve top","https://static.zara.net/assets/public/0eac/5601/07f94ba0b1a9/b6ab5e9911f7/04331103800-e2.jpg?ts=1730401708988"
"3385262_2.jpg","top","long sleeve top","https://static.zara.net/assets/public/9bde/e66d/03994009913a/09e6cf60a07e/04331103800-e1.jpg?ts=1730401708002"
"3385951_1.jpg","top","short sleeve top","https://static.zara.net/assets/public/35ba/e803/8cb8409692d4/c7aaa8208029/00840304800-e1.jpg?ts=1730401919994"
"3385951_2.jpg","top","short sleeve top","https://static.zara.net/assets/public/4b82/e506/7c1246d7b8f8/670c5a5d924a/00840304800-e2.jpg?ts=1730401918753"
"3387451_1.jpg","bottom","skirt","https://static.zara.net/assets/public/6d88/54b2/f8f44fc2b522/040e5284c97a/06688201400-e2.jpg?ts=1692781230414"
"3387451_2.jpg","bottom","skirt","https://static.zara.net/assets/public/801a/de22/02144e129aa1/7ad497086cec/06688201400-e1.jpg?ts=1692781227645"
"3388062_1.jpg","top","long sleeve top","https://static.zara.net/assets/public/c073/0d85/1c8444aabc85/49c24f7d0954/09621302800-e1.jpg?ts=1695131197066"
"3388062_2.jpg","top","long sleeve top","https://static.zara.net/assets/public/d162/8f81/a46f401d8d44/3143dd5a1d8b/09621302800-e2.jpg?ts=1695131198248"
"3388811_1.jpg","dress","long sleeve dress","https://static.zara.net/assets/public/4f8e/544d/f64645e9b730/864fc398d0ca/05854302802-e2.jpg?ts=1696236608066"
"3388811_2.jpg","dress","long sleeve dress","https://static.zara.net/assets/public/7f6f/1162/f46b4ad9a1ad/6cbed352e3a8/05854302802-e1.jpg?ts=1696236608237"
"3388979_1.jpg","bottom","skirt","https://static.zara.net/assets/public/d1c9/d47f/55a1480fac7e/562e553a0025/09598069800-e2.jpg?ts=1690896441737"
"3388979_2.jpg","bottom","skirt","https://static.zara.net/assets/public/7415/afd9/5e104e4d8ae6/3b393bdb9e4c/09598069800-e1.jpg?ts=1690896444384"
"3388981_1.jpg","top","long sleeve top","https://static.zara.net/assets/public/b84d/2377/bdaa48268130/234c48da7666/09598070800-e1.jpg?ts=1690896438731"
"3388981_2.jpg","top","long sleeve top","https://static.zara.net/assets/public/77a8/e1f1/bf7a4464bcf7/fe64c3c359a6/09598070800-e2.jpg?ts=1690896439226"
"3389199_1.jpg","bottom","skirt","https://static.zara.net/assets/public/fb04/d912/78a442f786a8/e8f243f4c124/06045204400-000-e2.jpg?ts=1699360865166"
"3389199_2.jpg","bottom","skirt","https://static.zara.net/assets/public/818d/641f/4355402394ba/f6471aa13eb1/06045204400-000-e1.jpg?ts=1699360797520"
"3389322_1.jpg","top","short sleeve top","https://static.zara.net/assets/public/12d4/1f49/250344cfac8a/228136fadd00/03991103712-e2.jpg?ts=1690887416169"
"3389322_2.jpg","top","short sleeve top","https://static.zara.net/assets/public/c8c2/51e0/334d4fbfb030/e898d364c635/03991103712-e1.jpg?ts=1690887419234"
"3389330_1.jpg","top","long sleeve top","https://static.zara.net/assets/public/20db/e551/e1374414abd2/8da784811c5f/07649187800-e1.jpg?ts=1693931387336"
"3389330_2.jpg","top","long sleeve top","https://static.zara.net/assets/public/9c9e/877e/47f84c4cbb8f/2add9bd93a2e/07649187800-e2.jpg?ts=1693931387122"
"3391265_1.jpg","bottom","shorts","https://static.zara.net/assets/public/0ecd/bb89/c68f40d18689/0a3f697c2e51/02753235800-e1.jpg?ts=1691999717470"
"3391265_2.jpg","bottom","shorts","https://static.zara.net/assets/public/1290/116c/19b245828f87/7a993c14de73/02753235800-e2.jpg?ts=1691999723419"
"3391273_1.jpg","top","long sleeve top","https://static.zara.net/assets/public/d8ae/2bed/9e58482a8e28/8c804e195e9a/02753635800-e1.jpg?ts=1691999716703"
"3391273_2.jpg","top","long sleeve top","https://static.zara.net/assets/public/f953/7ca3/4ca64e7d97ab/7a6eccfd6e89/02753635800-e2.jpg?ts=1691999709179"
"3391332_1.jpg","top","long sleeve top","https://static.zara.net/assets/public/0b36/7466/f4704f468bc8/9b233907cd39/08851123800-e2.jpg?ts=1692800999456"
"3391332_2.jpg","top","long sleeve top","https://static.zara.net/assets/public/f4b3/55cd/ed5a4e28b131/08df0b7c2b97/08851123800-e1.jpg?ts=1692951051344"
"3391350_1.jpg","top","long sleeve top","https://static.zara.net/assets/public/e7f1/9fcd/25954426b155/4141b36070cf/02753340800-e2.jpg?ts=1693410603419"
"3391350_2.jpg","top","long sleeve top","https://static.zara.net/assets/public/f879/0d63/680e484ba3cd/38560086a3ad/02753340800-e1.jpg?ts=1693410597809"
"3391366_1.jpg","top","long sleeve top","https://static.zara.net/assets/public/949b/e36c/11b443c3b75f/8bcda257fdf3/02753345401-e1.jpg?ts=1692359905653"
"3391366_2.jpg","top","long sleeve top","https://static.zara.net/assets/public/d237/677a/70294f75ac34/64aeb6e61a8f/02753345401-e2.jpg?ts=1692359904343"
"3391385_1.jpg","bottom","skirt","https://static.zara.net/assets/public/7fb1/f08e/a5264c73ae60/f2cb90cc10a2/00108224405-e1.jpg?ts=1694761925310"
"3391385_2.jpg","bottom","skirt","https://static.zara.net/assets/public/0558/2816/877f4e93835c/04e7af7731fa/00108224405-e2.jpg?ts=1694761925709"
"3392294_1.jpg","top","vest","https://static.zara.net/assets/public/1bdf/c8c3/ba864590948a/56e5d36a9424/03918451506-e1.jpg?ts=1695295477160"
"3392294_2.jpg","top","vest","https://static.zara.net/assets/public/2920/fd04/786a4b548795/ddfddbca68f8/03918451506-e2.jpg?ts=1695295477766"
"3392593_1.jpg","top","vest","https://static.zara.net/assets/public/8790/5fad/3f264118b172/126c8363b66e/04302607800-e2.jpg?ts=1693551760817"
"3392593_2.jpg","top","vest","https://static.zara.net/assets/public/be8b/9df9/a305489085ea/8396e89ae319/04302607800-e1.jpg?ts=1693551761256"
"3393757_1.jpg","dress","long sleeve dress","https://static.zara.net/assets/public/52c2/d85c/e21241a2a0d8/5d63fd06729b/08073222704-e2.jpg?ts=1692791201482"
"3393757_2.jpg","dress","long sleeve dress","https://static.zara.net/assets/public/231e/6fe6/88e14160bbf2/7e5292fbfe39/08073222704-e1.jpg?ts=1692951025367"
"3393861_1.jpg","top","vest","https://static.zara.net/assets/public/9c1f/1526/8a0f49a4963f/48a58c8d673d/02731287800-e1.jpg?ts=1691581525375"
"3393861_2.jpg","top","vest","https://static.zara.net/assets/public/f497/cee9/a8ad4e318ca6/33a632eed8bd/02731287800-e2.jpg?ts=1691581525465"
"3393988_1.jpg","dress","long sleeve dress","https://static.zara.net/assets/public/53d7/f6ec/c21d46c88bb9/e44a1b05c2f2/04877253800-e1.jpg?ts=1693931392260"
"3393988_2.jpg","dress","long sleeve dress","https://static.zara.net/assets/public/7114/2089/f5c540619e27/789dc4f00e28/04877253800-e2.jpg?ts=1693931395989"
"3394767_1.jpg","top","vest","https://static.zara.net/assets/public/cab6/6e14/d229467dbd75/a187cec96953/03918470506-e2.jpg?ts=1694675799659"
"3394767_2.jpg","top","vest","https://static.zara.net/assets/public/3bde/cae6/79fd4c019269/0a2eb3d81338/03918470506-e1.jpg?ts=1694675799307"
"3395227_1.jpg","top","long sleeve top","https://static.zara.net/assets/public/77aa/0839/ee8d46a29d24/cf02a4895457/07446310712-e1.jpg?ts=1690803536528"
"3395227_2.jpg","top","long sleeve top","https://static.zara.net/assets/public/9a11/64cd/fb1f44d9a344/a4697a80d8b0/07446310712-e2.jpg?ts=1690803535842"
"3395326_1.jpg","bottom","shorts","https://static.zara.net/assets/public/452a/5dfb/2b0b4ca5bb60/961888eed468/03992312251-e2.jpg?ts=1691417631238"
"3395326_2.jpg","bottom","shorts","https://static.zara.net/assets/public/8327/d589/eb7a4952a296/d9fba369e965/03992312251-e1.jpg?ts=1691417630623"
"3395428_1.jpg","top","long sleeve top","https://static.zara.net/assets/public/3dd1/1eeb/51f74503b07f/c3e6e1aa5b4c/07901867064-e2.jpg?ts=1730399043025"
"3395428_2.jpg","top","long sleeve top","https://static.zara.net/assets/public/6ad7/c6b8/eb314c6e9749/53ec7a0e2834/07901867064-e1.jpg?ts=1730399044728"
"3395433_1.jpg","top","vest","https://static.zara.net/assets/public/7bd9/a8ef/65914ab9883a/da6423330f1d/07901869064-e2.jpg?ts=1730399076478"
"3395433_2.jpg","top","vest","https://static.zara.net/assets/public/7803/dff0/030547e1b338/919b5c745eb4/07901869064-e1.jpg?ts=1730399076498"
"3395465_1.jpg","top","vest","https://static.zara.net/assets/public/1ed2/e95c/4bd44a2eb7ee/dd2e8b06d979/02712809500-e2.jpg?ts=1730400176683"
"3395465_2.jpg","top","vest","https://static.zara.net/assets/public/5edd/ff1e/54304aabac6f/7042ea3c43f7/02712809500-e1.jpg?ts=1730400177487"
"3395810_1.jpg","bottom","trousers","https://static.zara.net/assets/public/376d/58c3/29b34ed892b5/bcff809ca16a/08372264800-e2.jpg?ts=1730402729996"
"3395810_2.jpg","bottom","trousers","https://static.zara.net/assets/public/1dfb/accb/dc6747aea2e0/54164a169bd7/08372264800-e1.jpg?ts=1730402728993"
"3395849_1.jpg","top","long sleeve top","https://static.zara.net/assets/public/6f6b/d823/bd2a4455bd33/05881ba49303/02753422401-e1.jpg?ts=1692174130399"
"3395849_2.jpg","top","long sleeve top","https://static.zara.net/assets/public/66c9/1b87/9ee3434589c1/8f8c3a49e918/02753422401-e2.jpg?ts=1692174130321"
"3395914_1.jpg","top","long sleeve top","https://static.zara.net/assets/public/714d/d178/e07e49a6aa14/9dbb9349c19a/05802106800-e2.jpg?ts=1696238146833"
"3395914_2.jpg","top","long sleeve top","https://static.zara.net/assets/public/b152/0759/3a674eecba7a/a10d3a44dace/05802106800-e1.jpg?ts=1696238154519"
"3396599_1.jpg","top","vest","https://static.zara.net/assets/public/0c8f/1924/97be4369bdeb/c18f48ddde86/01044631612-e1.jpg?ts=1691590458471"
"3396599_2.jpg","top","vest","https://static.zara.net/assets/public/4acc/f2da/b6b24293999b/fd6bdc6e1af6/01044631612-e2.jpg?ts=1691581525686"
"3397229_1.jpg","bottom","skirt","https://static.zara.net/assets/public/3dc9/e802/eee149829e67/7cd0a3d12e10/09479270737-e2.jpg?ts=1691596404086"
"3397229_2.jpg","bottom","skirt","https://static.zara.net/assets/public/0985/caf5/8a7a431182c0/59a49da93bbb/09479270737-e1.jpg?ts=1691596411582"
"3397280_1.jpg","top","long sleeve top","https://static.zara.net/assets/public/ce2a/66fc/9f47415d80f4/ce626cbf41f5/05536058080-e2.jpg?ts=1691073804432"
"3397280_2.jpg","top","long sleeve top","https://static.zara.net/assets/public/a8b6/ecac/f91847eebfaa/4bf88f99196c/05536058080-e1.jpg?ts=1691073799020"
"3397678_1.jpg","top","long sleeve top","https://static.zara.net/assets/public/9be4/0170/05ec45389835/24dc5e1ab367/06987302800-e1.jpg?ts=1696236666685"
"3397678_2.jpg","top","long sleeve top","https://static.zara.net/assets/public/5be3/5f42/bbaf468aa3ec/e2f603c56e8b/06987302800-e2.jpg?ts=1696236667440"
"3397903_1.jpg","top","long sleeve top","https://static.zara.net/assets/public/2a56/9da8/a04c4425b83a/b1990a7766cb/02712464800-e2.jpg?ts=1691058557426"
"3397903_2.jpg","top","long sleeve top","https://static.zara.net/assets/public/b0be/3bef/a7a14c98abbe/6c92ff95a3b2/02712464800-e1.jpg?ts=1691058550118"
"3398482_1.jpg","bottom","shorts","https://static.zara.net/assets/public/a4b0/302d/24624ef7856b/bc07301dd0db/09479272400-e1.jpg?ts=1730397218506"
"3398482_2.jpg","bottom","shorts","https://static.zara.net/assets/public/3e7f/3add/a14c4868bf6a/dbc7aafa0af3/09479272400-e2.jpg?ts=1730397219021"
"3398514_1.jpg","bottom","skirt","https://static.zara.net/assets/public/8e68/c907/ec0d4145868d/612ab068f119/04661515756-e1.jpg?ts=1730220113599"
"3398514_2.jpg","bottom","skirt","https://static.zara.net/assets/public/d909/ac08/a4274c1b88ef/7d1ca73476b0/04661515800-e1.jpg?ts=1730220138428"
"3399001_1.jpg","dress","long sleeve dress","https://static.zara.net/assets/public/dd96/40f1/036f4a038190/95d885ceeab2/04968223704-e2.jpg?ts=1692958184676"
"3399001_2.jpg","dress","long sleeve dress","https://static.zara.net/assets/public/e525/6c76/20674dd187e9/241980964254/04968223704-e1.jpg?ts=1692958185177"
"3399027_1.jpg","top","vest","https://static.zara.net/assets/public/d8b3/3bc8/83c04ce78e20/bf9bc0a9bfb8/04968224712-e1.jpg?ts=1692954542799"
"3399027_2.jpg","top","vest","https://static.zara.net/assets/public/7035/44db/727744809d36/4a8d0d714158/04968224712-e2.jpg?ts=1692721357178"
"3399544_1.jpg","bottom","trousers","https://static.zara.net/assets/public/43d4/f29b/c02f47c58596/c8821bb234df/08372274800-e1.jpg?ts=1694521361657"
"3399544_2.jpg","bottom","trousers","https://static.zara.net/assets/public/2bc7/ae27/13d243e78433/2da4156f208a/08372274800-e2.jpg?ts=1694521348933"
"3399700_1.jpg","bottom","trousers","https://static.zara.net/assets/public/376d/58c3/29b34ed892b5/bcff809ca16a/08372264800-e2.jpg?ts=1730402729996"
"3399700_2.jpg","bottom","trousers","https://static.zara.net/assets/public/1dfb/accb/dc6747aea2e0/54164a169bd7/08372264800-e1.jpg?ts=1730402728993"
"3399835_1.jpg","bottom","skirt","https://static.zara.net/assets/public/f693/925e/71334ceab296/8956266f21a3/02674245620-e2.jpg?ts=1690990044364"
"3399835_2.jpg","bottom","skirt","https://static.zara.net/assets/public/e372/61a6/7a2a47f5885c/eb1490fe46d0/02674245620-e1.jpg?ts=1690990043955"
"3400358_1.jpg","bottom","trousers","https://static.zara.net/assets/public/cc62/97ce/e63a4bae99e6/403a4bc0f2e3/03046233800-e1.jpg?ts=1690990164993"
"3400358_2.jpg","bottom","trousers","https://static.zara.net/assets/public/0d03/a6f3/a4d44e558806/ba4e751d8069/03046233800-e2.jpg?ts=1690990164071"
"3400673_1.jpg","bottom","trousers","https://static.zara.net/assets/public/d861/e6c4/d127493c9492/a8d4ec5edd6a/03028222800-e1.jpg?ts=1698683552265"
"3400673_2.jpg","bottom","trousers","https://static.zara.net/assets/public/60bd/7aa5/b01247dabf3e/ead2de5ae11f/03028222800-e2.jpg?ts=1698683552456"
"3400706_1.jpg","bottom","trousers","https://static.zara.net/assets/public/af97/cc25/5c274954a0c1/43e8d60f0b5b/08372276800-e1.jpg?ts=1692174217486"
"3400706_2.jpg","bottom","trousers","https://static.zara.net/assets/public/db86/6e76/5080491abe76/5f5ba2ffdbac/08372276800-e2.jpg?ts=1692174217448"
"3401056_1.jpg","bottom","trousers","https://static.zara.net/assets/public/d5e6/fa17/b7e841f48fee/8673e605006d/04387246800-e1.jpg?ts=1692174184485"
"3401056_2.jpg","bottom","trousers","https://static.zara.net/assets/public/e4d9/4db2/d4ed4b9f975f/4f14499ca191/04387246800-e2.jpg?ts=1692174184030"
"3401795_1.jpg","dress","long sleeve dress","https://static.zara.net/assets/public/4ae9/d9c5/38b34f118588/55ba82cece78/00518259515-e2.jpg?ts=1694766614416"
"3401795_2.jpg","dress","long sleeve dress","https://static.zara.net/assets/public/483a/0ba2/92304b48b056/5226813d02d8/00518259515-e1.jpg?ts=1694766614387"
"3401881_1.jpg","bottom","trousers","https://static.zara.net/assets/public/6118/0eb2/c0fb415da36a/21e86b8bf21a/08372278800-e1.jpg?ts=1695370697482"
"3401881_2.jpg","bottom","trousers","https://static.zara.net/assets/public/1783/d18d/a8234abd9aed/d432b9922266/08372278800-e2.jpg?ts=1695370697620"
"3402058_1.jpg","bottom","trousers","https://static.zara.net/assets/public/0225/73c4/337d4c8d86ab/b61056c950ee/01198221800-e2.jpg?ts=1693921189887"
"3402058_2.jpg","bottom","trousers","https://static.zara.net/assets/public/df0c/e3c6/b3584a90a584/b5ac88085a77/01198221800-e1.jpg?ts=1693921190222"
"3402100_1.jpg","top","long sleeve top","https://static.zara.net/assets/public/c11b/66ae/f0954ee592e6/c2328aac67fb/04331116712-e2.jpg?ts=1693553338818"
"3402100_2.jpg","top","long sleeve top","https://static.zara.net/assets/public/b994/c82e/c66a4fe29993/7f8155b198c4/04331116712-e1.jpg?ts=1693553338985"
"3402112_1.jpg","top","long sleeve top","https://static.zara.net/assets/public/6bbf/cffc/faab46e387a1/3de5f52fc9b5/04331117712-e2.jpg?ts=1690887695034"
"3402112_2.jpg","top","long sleeve top","https://static.zara.net/assets/public/a21e/f145/44db4513b911/7c4625113c37/04331117712-e1.jpg?ts=1690887695379"
"3402222_1.jpg","bottom","trousers","https://static.zara.net/assets/public/79a5/40cf/efb144788a88/6a946ce3c16e/01198222800-e1.jpg?ts=1691999711884"
"3402222_2.jpg","bottom","trousers","https://static.zara.net/assets/public/e257/abac/e49646dd8af1/9321c7a275c5/01198222800-e2.jpg?ts=1691999710318"
"3402351_1.jpg","bottom","trousers","https://static.zara.net/assets/public/5a26/0a7e/92fa48d9ba46/001f837bedb0/05039224800-e1.jpg?ts=1696496843436"
"3402351_2.jpg","bottom","trousers","https://static.zara.net/assets/public/61f6/fa37/2092422e9970/29ebf620f9a4/05039224800-e2.jpg?ts=1696496842843"
"3402376_1.jpg","bottom","trousers","https://static.zara.net/assets/public/0da3/aa5e/fa8f4c41934b/43258c367569/07102224800-e2.jpg?ts=1696496888478"
"3402376_2.jpg","bottom","trousers","https://static.zara.net/assets/public/bec9/fa73/c4d34ed189c2/27b3c949a6c4/07102224800-e1.jpg?ts=1696496844194"
"3402397_1.jpg","bottom","trousers","https://static.zara.net/assets/public/4f17/418e/29004021b339/5c8e0270dcdc/07102228800-e1.jpg?ts=1694160967105"
"3402397_2.jpg","bottom","trousers","https://static.zara.net/assets/public/af95/8773/d2fc452592b4/f07a453dec2e/07102228800-e2.jpg?ts=1694160967839"
"3402411_1.jpg","bottom","trousers","https://static.zara.net/assets/public/bce5/9d3f/f0c84e86845a/73922baa4510/07901221800-e2.jpg?ts=1694161151310"
"3402411_2.jpg","bottom","trousers","https://static.zara.net/assets/public/c8cb/6a6a/6f75418bbaef/a49f618a352b/07901221800-e1.jpg?ts=1694161150944"
"3402455_1.jpg","top","long sleeve top","https://static.zara.net/assets/public/a79b/4b42/fc704ca6b110/f8ff8d9eaa79/03991105800-e1.jpg?ts=1730398632017"
"3402455_2.jpg","top","long sleeve top","https://static.zara.net/assets/public/cfbb/8b62/7dfb4ce4a6b3/20015d130bfb/03991105800-e2.jpg?ts=1730398631416"
"3402473_1.jpg","top","long sleeve top","https://static.zara.net/assets/public/3d12/060f/21c24dba9d67/235c16c9033b/03332302500-e2.jpg?ts=1698941589186"
"3402473_2.jpg","top","long sleeve top","https://static.zara.net/assets/public/38e9/9aa1/ba4e4ea0b17c/512bb0aba936/03332302500-e1.jpg?ts=1698941588840"
"3403023_1.jpg","top","vest","https://static.zara.net/assets/public/c764/742b/c9c8405f87ca/3ca7ff437f67/07521107811-e2.jpg?ts=1693994717827"
"3403023_2.jpg","top","vest","https://static.zara.net/assets/public/e61f/5221/7c894b0b87e4/0777952697e8/07521107811-e1.jpg?ts=1693994716940"
"3403758_1.jpg","top","long sleeve top","https://static.zara.net/assets/public/4ee5/f27c/9d7f4b7485f8/b40cc43e7a2c/06427110712-e2.jpg?ts=1691132585731"
"3403758_2.jpg","top","long sleeve top","https://static.zara.net/assets/public/c757/1354/c6fb4bdda36a/8ef7076a4cac/06427110712-e1.jpg?ts=1691132586212"
"3403774_1.jpg","top","vest","https://static.zara.net/assets/public/a4f3/3ad6/66444d0f8f10/d25ec98248ef/01255824811-e2.jpg?ts=1697181685787"
"3403774_2.jpg","top","vest","https://static.zara.net/assets/public/8af8/66bb/fae04c129698/306908c24351/01255824811-e1.jpg?ts=1697181686374"
"3403779_1.jpg","bottom","skirt","https://static.zara.net/assets/public/a93c/b6d3/145548dfafdf/4c0d1f47451a/04437117800-e1.jpg?ts=1691073795743"
"3403779_2.jpg","bottom","shorts","https://static.zara.net/assets/public/32d5/cc85/e91b4c7a9e17/ecd46409a639/04437117800-e2.jpg?ts=1691073798718"
"3403829_1.jpg","dress","long sleeve dress","https://static.zara.net/assets/public/e218/d63b/1e6341c3ada9/e3df3f37b62e/03427762716-e2.jpg?ts=1694529617684"
"3403829_2.jpg","dress","long sleeve dress","https://static.zara.net/assets/public/157b/c532/8a15423b8d1b/1880d3fc3939/03427762716-e1.jpg?ts=1694529617452"
"3403877_1.jpg","bottom","skirt","https://static.zara.net/assets/public/13b0/06d3/975b4ea9b29b/9d0882a71358/07849412712-e1.jpg?ts=1691078451395"
"3403877_2.jpg","bottom","skirt","https://static.zara.net/assets/public/8e03/2576/45e741a19fe4/5ec242af196a/07849412712-e2.jpg?ts=1691078459479"
"3403919_1.jpg","top","long sleeve top","https://static.zara.net/assets/public/c78f/f02f/806f47519701/333a03f19566/04331121800-e1.jpg?ts=1691073011988"
"3403919_2.jpg","top","long sleeve top","https://static.zara.net/assets/public/e16c/0c9b/07f9421ab681/6daddd967dc3/04331121800-e2.jpg?ts=1691073012015"
"3404612_1.jpg","bottom","skirt","https://static.zara.net/assets/public/80e9/5257/5fec4479abe2/507823bb85d1/08741227711-e1.jpg?ts=1694171830403"
"3404612_2.jpg","bottom","skirt","https://static.zara.net/assets/public/acdc/0b75/2c784ad6b9fe/b2f3566f1dae/08741227711-e2.jpg?ts=1694171829458"
"3404614_1.jpg","top","long sleeve top","https://static.zara.net/assets/public/9251/5c46/45484675bccf/f5d6a82d4063/05854304800-e1.jpg?ts=1693294527905"
"3404614_2.jpg","top","long sleeve top","https://static.zara.net/assets/public/eda7/bd28/498947c489bf/4f505be23fd1/05854304800-e2.jpg?ts=1693294526827"
"3404694_1.jpg","top","long sleeve top","https://static.zara.net/assets/public/e00f/14ed/685848cc9717/994f81ca45b2/04387251401-e2.jpg?ts=1693410616947"
"3404694_2.jpg","top","long sleeve top","https://static.zara.net/assets/public/70fb/5e43/3fae428ea2c6/d3b3a3949dae/04387251401-e1.jpg?ts=1693410618160"
"3404717_1.jpg","bottom","skirt","https://static.zara.net/assets/public/f104/23f2/ab3c409ba0ec/5f5e318e6c46/03046294505-e2.jpg?ts=1695883399903"
"3404717_2.jpg","bottom","skirt","https://static.zara.net/assets/public/ac69/34d2/bf0540d6b175/5b6115e570e6/03046294505-e1.jpg?ts=1695883398346"
"3404824_1.jpg","top","long sleeve top","https://static.zara.net/assets/public/4ff4/ee05/de5d4969b03d/44c964268b0a/08741320706-e1.jpg?ts=1693996837314"
"3404824_2.jpg","top","long sleeve top","https://static.zara.net/assets/public/3d43/c221/82534ce49b24/f8563122cf18/08741320706-e2.jpg?ts=1693996837087"
"3404910_1.jpg","bottom","shorts","https://static.zara.net/assets/public/f2a8/da54/c0334da9970d/d085e57643f0/04661517737-e2.jpg?ts=1692173089348"
"3404910_2.jpg","bottom","skirt","https://static.zara.net/assets/public/79a5/0d52/ca4f4fe5b94b/0e1db71ae2c4/04661517737-e1.jpg?ts=1692173092426"
"3404918_1.jpg","top","long sleeve top","https://static.zara.net/assets/public/fc2a/c6a3/dac545129e85/5ee255b95972/07102230800-e2.jpg?ts=1692785408887"
"3404918_2.jpg","top","long sleeve top","https://static.zara.net/assets/public/83d9/9a0a/5ab545b5933f/cc7bbd073755/07102230800-e1.jpg?ts=1692951021486"
"3405033_1.jpg","bottom","skirt","https://static.zara.net/assets/public/013f/9dda/acd24ae7bb64/1e762228b06a/02553241400-e2.jpg?ts=1692702518388"
"3405033_2.jpg","bottom","skirt","https://static.zara.net/assets/public/00d7/901f/a49c49a6a2ca/b74893c680f2/02553241400-e1.jpg?ts=1692951023853"
"3405105_1.jpg","top","long sleeve top","https://static.zara.net/assets/public/6c6f/676a/241d4c11a950/8dd2349c2ddf/07102332251-e1.jpg?ts=1691594263772"
"3405105_2.jpg","top","long sleeve top","https://static.zara.net/assets/public/7399/f1d8/4d524c64a174/32f4bba7beb2/07102332251-e2.jpg?ts=1691594262538"
"3405127_1.jpg","bottom","skirt","https://static.zara.net/assets/public/086f/d897/c18c4a9fbfc5/e5e39b47f750/08372285700-e2.jpg?ts=1696328218606"
"3405127_2.jpg","bottom","skirt","https://static.zara.net/assets/public/0911/8f9c/21314c3ebd9d/4d399883ad08/08372285700-e1.jpg?ts=1696328220902"
"3405182_1.jpg","top","long sleeve top","https://static.zara.net/assets/public/7f9b/8a54/bf414506ae64/af3c27cefa60/07102231712-e2.jpg?ts=1692174212628"
"3405182_2.jpg","top","long sleeve top","https://static.zara.net/assets/public/31e2/92ae/64734a1999de/6d4d1a8f4a0f/07102231712-e1.jpg?ts=1692174211866"
"3405208_1.jpg","top","long sleeve top","https://static.zara.net/assets/public/ec78/c026/e8874c9c8eae/7aaf1f4b7909/07102233620-e2.jpg?ts=1691999834273"
"3405208_2.jpg","top","long sleeve top","https://static.zara.net/assets/public/da13/1c6c/7ed04ec9b810/360c120586d1/07102233620-e1.jpg?ts=1691999833549"
"3405233_1.jpg","top","long sleeve top","https://static.zara.net/assets/public/4b99/4d83/9f3644b29c59/edebc6ae8e2d/07102334251-e1.jpg?ts=1692349303290"
"3405233_2.jpg","top","long sleeve top","https://static.zara.net/assets/public/7978/448e/b0c2431aa529/da700729a90c/07102334251-e2.jpg?ts=1692349303040"
"3405251_1.jpg","bottom","shorts","https://static.zara.net/assets/public/84f7/8405/52524414b50e/0ca96d0f4c27/07102234251-e2.jpg?ts=1692341846672"
"3405251_2.jpg","bottom","shorts","https://static.zara.net/assets/public/118e/1423/d28b4f60af0b/3a2a25f154c7/07102234251-e1.jpg?ts=1692341845669"
"3405625_1.jpg","bottom","skirt","https://static.zara.net/assets/public/775b/4c5e/93e7463fba89/6e7d20104fa8/08372284800-e1.jpg?ts=1692953190345"
"3405625_2.jpg","bottom","skirt","https://static.zara.net/assets/public/e8be/682f/2a714618a0cd/c43e73f2a601/08372284800-e2.jpg?ts=1692953190303"
"3405626_1.jpg","bottom","skirt","https://static.zara.net/assets/public/4cc6/f232/be7348f3a25d/a4d2a3e83b0b/03046247505-e1.jpg?ts=1696264449300"
"3405626_2.jpg","bottom","skirt","https://static.zara.net/assets/public/e156/6108/a07e4444bf15/af1468ede4cb/03046247505-e2.jpg?ts=1696264450361"
"3405629_1.jpg","bottom","skirt","https://static.zara.net/assets/public/3414/9a88/d203418a8eb0/da0dfc58053e/03046243711-e2.jpg?ts=1692960957243"
"3405629_2.jpg","bottom","skirt","https://static.zara.net/assets/public/18a8/43f6/c0d647dfb8c8/e9c411ff9d9e/03046243711-e1.jpg?ts=1692960957215"
"3405772_1.jpg","bottom","shorts","https://static.zara.net/assets/public/68a0/32f9/ba03414b9470/136357a8b1db/05427516800-e2.jpg?ts=1691490216919"
"3405772_2.jpg","bottom","skirt","https://static.zara.net/assets/public/f58b/2a11/a68d48019aba/70727f1d4fe2/05427516800-e1.jpg?ts=1691490216575"
"3406706_1.jpg","top","long sleeve top","https://static.zara.net/assets/public/df0a/f2f8/90b64cb8a535/21d75bbb7249/02753237330-e2.jpg?ts=1695365254886"
"3406706_2.jpg","top","long sleeve top","https://static.zara.net/assets/public/8d00/be36/defd4367ada8/2a97ddd477b8/02753237330-e1.jpg?ts=1695365255657"
"3406714_1.jpg","top","vest","https://static.zara.net/assets/public/0a18/107c/93154b6aa954/f83e256640fc/02969878800-e1.jpg?ts=1693899006232"
"3406714_2.jpg","top","vest","https://static.zara.net/assets/public/e51c/34b1/ab404347886d/328103b0c7c9/02969878800-e2.jpg?ts=1693899005300"
"3406716_1.jpg","top","vest","https://static.zara.net/assets/public/9b11/10f2/951d4ecc9178/6ea94101699b/02969879505-e1.jpg?ts=1693899006382"
"3406716_2.jpg","top","vest","https://static.zara.net/assets/public/c38c/5153/92154d608f23/584ef48b5fb9/02969879505-e2.jpg?ts=1693899005525"
"3406869_1.jpg","top","long sleeve top","https://static.zara.net/assets/public/eee3/34a8/271d4154ac52/5304a3ef5a4b/05802109800-e2.jpg?ts=1693560679177"
"3406869_2.jpg","top","long sleeve top","https://static.zara.net/assets/public/5887/69a4/9cc64d3da2e0/98a8cefae830/05802109800-e1.jpg?ts=1693560679317"
"3406909_1.jpg","bottom","skirt","https://static.zara.net/assets/public/1c07/4b76/51fd4a9e947a/89e3c84a91df/03067508409-e2.jpg?ts=1692171648745"
"3406909_2.jpg","bottom","skirt","https://static.zara.net/assets/public/93c9/7737/126c465f9ae2/b38f95860a1f/03067508409-e1.jpg?ts=1692171648834"
"3406992_1.jpg","top","long sleeve top","https://static.zara.net/assets/public/cfff/b94f/ae274986a17c/9cc8efaeaf4d/03046335712-e2.jpg?ts=1691581525957"
"3406992_2.jpg","top","long sleeve top","https://static.zara.net/assets/public/1960/4761/5e224f7c997f/af8b2545da36/03046335712-e1.jpg?ts=1691581524616"
"3407323_1.jpg","top","long sleeve top","https://static.zara.net/assets/public/d069/685e/c356402db85d/fbaafe11c5b9/06674300802-e1.jpg?ts=1691057359463"
"3407323_2.jpg","top","long sleeve top","https://static.zara.net/assets/public/8f28/9362/6ebc4deca666/00556e51ebe5/06674300802-e2.jpg?ts=1691057362672"
"3407453_1.jpg","top","long sleeve top","https://static.zara.net/assets/public/5afa/839e/49184cc8b950/00dd6f078c5d/07925993302-e2.jpg?ts=1695048204993"
"3407453_2.jpg","top","long sleeve top","https://static.zara.net/assets/public/f031/11bb/8b7a43608d67/9bf853bab9af/07925993302-e1.jpg?ts=1695048206453"
"3407602_1.jpg","top","short sleeve top","https://static.zara.net/assets/public/ab23/a055/87b34bac8ec1/9c15e87b1d83/02688310800-e2.jpg?ts=1692271660852"
"3407602_2.jpg","top","short sleeve top","https://static.zara.net/assets/public/ce51/0916/e2294d32ba52/57b326d3a734/02688310800-e1.jpg?ts=1692271660726"
"3407658_1.jpg","top","long sleeve top","https://static.zara.net/assets/public/3460/467e/73a04726bb33/c3331946543f/03039102527-e1.jpg?ts=1692951027656"
"3407658_2.jpg","top","long sleeve top","https://static.zara.net/assets/public/0e5d/1d80/359d4216ae28/d0c0155c424d/03039102527-e2.jpg?ts=1692702517941"
"3407675_1.jpg","top","long sleeve top","https://static.zara.net/assets/public/b30d/f5da/fc0d4c0ca05c/f3bd4b892eb5/09598107802-e1.jpg?ts=1694161470788"
"3407675_2.jpg","top","long sleeve top","https://static.zara.net/assets/public/0db7/c839/66c44a098f60/21d996e54433/09598107802-e2.jpg?ts=1694161470712"
"3407740_1.jpg","top","long sleeve top","https://static.zara.net/assets/public/deb7/69e8/bf704cbdbd02/a1dce24d84af/04331123712-e2.jpg?ts=1691999818940"
"3407740_2.jpg","top","long sleeve top","https://static.zara.net/assets/public/4399/f55b/06cb4b3baa48/2f9af98f9068/04331123712-e1.jpg?ts=1691999820022"
"3407811_1.jpg","top","short sleeve top","https://static.zara.net/assets/public/4faa/dcde/74e94b4b9e2a/10675668b6ac/04174320500-e1.jpg?ts=1730398504916"
"3407811_2.jpg","top","short sleeve top","https://static.zara.net/assets/public/d297/51a4/146d42109bdd/4148444d0986/04174320500-e2.jpg?ts=1730398505482"
"3407866_1.jpg","top","long sleeve top","https://static.zara.net/assets/public/fafb/308c/47a8408f8010/7add4421aa74/05755102800-e2.jpg?ts=1730398533919"
"3407866_2.jpg","top","long sleeve top","https://static.zara.net/assets/public/c288/9dd5/105443a9b65e/414eaa5f3c6c/05755102800-e1.jpg?ts=1730398532932"
"3407920_1.jpg","top","long sleeve top","https://static.zara.net/assets/public/2981/062a/b77e4101b277/1566e005225b/07036300614-e1.jpg?ts=1694701071044"
"3407920_2.jpg","top","long sleeve top","https://static.zara.net/assets/public/ab05/6ff3/66214832af21/bda008a98c3b/07036300614-e2.jpg?ts=1694701071053"
"3408076_1.jpg","top","vest","https://static.zara.net/assets/public/f529/db0a/ef424d1bb598/ed6d1869109e/04341721700-e2.jpg?ts=1695311161778"
"3408076_2.jpg","top","vest","https://static.zara.net/assets/public/d236/a881/15f14ec99f5f/4f4fa6da9ee8/04341721700-e1.jpg?ts=1695311166470"
"3408091_1.jpg","dress","short sleeve dress","https://static.zara.net/assets/public/cf4c/9e75/bc804556b0d0/1b4a570bdbe3/09878164982-e1.jpg?ts=1730400381501"
"3408091_2.jpg","dress","short sleeve dress","https://static.zara.net/assets/public/e641/3f89/2e16491d869b/02253d158c4a/09878164982-e2.jpg?ts=1730400382159"
"3408157_1.jpg","dress","long sleeve dress","https://static.zara.net/assets/public/37ac/0173/ba4a441f96c5/04cb9a45ea23/04360251712-e1.jpg?ts=1698245292461"
"3408157_2.jpg","dress","long sleeve dress","https://static.zara.net/assets/public/daf2/317f/2b37472d833e/3b6595396680/04360251712-e2.jpg?ts=1698245291111"
"3408428_1.jpg","top","long sleeve top","https://static.zara.net/assets/public/4b9d/9be3/3bf84dd5ace9/ab05d8477edb/04087320529-e1.jpg?ts=1695712748058"
"3408428_2.jpg","top","long sleeve top","https://static.zara.net/assets/public/2811/211c/a87744008a1b/1f5c2e2151e0/04087320529-e2.jpg?ts=1695712747216"
"3408438_1.jpg","top","long sleeve top","https://static.zara.net/assets/public/b367/b59b/1c6f4008874b/8f95421d7ad7/00761319712-e1.jpg?ts=1692009220113"
"3408438_2.jpg","top","long sleeve top","https://static.zara.net/assets/public/1fc1/b232/706644f8affc/35e71d0cc548/00761319712-e2.jpg?ts=1692009217635"
"3408709_1.jpg","top","long sleeve top","https://static.zara.net/assets/public/0544/7a4f/f46f4d41bbf6/8a514de02fde/04432400615-e2.jpg?ts=1695295480945"
"3408709_2.jpg","top","long sleeve top","https://static.zara.net/assets/public/53b1/252b/18384fee83c7/0dacad3682e2/04432400615-e1.jpg?ts=1695295477945"
"3409961_1.jpg","top","long sleeve top","https://static.zara.net/assets/public/0976/34ff/b5db4cf28c8b/64833a94e1d7/05940407801-e2.jpg?ts=1691417524478"
"3409961_2.jpg","top","long sleeve top","https://static.zara.net/assets/public/5ff2/a5a2/0469427d8db4/a95805eda027/05940407801-e1.jpg?ts=1691417524712"
"3410710_1.jpg","top","vest","https://static.zara.net/assets/public/89d2/4269/8db246378e7f/71d36afea87b/03519048303-e1.jpg?ts=1691581524007"
"3410710_2.jpg","top","vest","https://static.zara.net/assets/public/14f0/b79c/fd04438c9a88/09f8c5d4d986/03519048303-e2.jpg?ts=1691581521838"
"3412452_1.jpg","top","short sleeve top","https://static.zara.net/assets/public/da73/f6e5/5942458891e4/8bcedd12e689/06462314251-e2.jpg?ts=1691075202860"
"3412452_2.jpg","top","short sleeve top","https://static.zara.net/assets/public/1a60/1327/206f4b5e9289/c80adc7f6da2/06462314251-e1.jpg?ts=1691075201745"
"3412552_1.jpg","top","long sleeve top","https://static.zara.net/assets/public/23e2/bee6/0c444639a1fb/4f38c496f312/09598115922-e2.jpg?ts=1695635855047"
"3412552_2.jpg","top","long sleeve top","https://static.zara.net/assets/public/33e8/0924/d4c345508177/6e331ca187a7/09598115922-e1.jpg?ts=1695635854945"
"3412935_1.jpg","top","short sleeve top","https://static.zara.net/assets/public/32bb/5e9c/dcc14b9a8af7/6fad56475ca7/06462316800-e1.jpg?ts=1690803534768"
"3412935_2.jpg","top","short sleeve top","https://static.zara.net/assets/public/d9aa/ef30/0a344ec0909c/cb7b6387a551/06462316800-e2.jpg?ts=1690803534401"
"3413486_1.jpg","top","short sleeve top","https://static.zara.net/assets/public/5480/f554/316d45978977/0c18cd502d49/06462318730-e1.jpg?ts=1730404591930"
"3413486_2.jpg","top","short sleeve top","https://static.zara.net/assets/public/1419/8784/5bf744ffa81a/61770c3e1f06/06462318730-e2.jpg?ts=1730404592425"
"3413539_1.jpg","top","short sleeve top","https://static.zara.net/assets/public/d4ae/3741/cda244c7ba6d/09345863b3e1/06462319712-e2.jpg?ts=1730402514144"
"3413539_2.jpg","top","short sleeve top","https://static.zara.net/assets/public/5647/f2a7/572d441e8d60/f4718ae24ab8/06462319712-e1.jpg?ts=1730402513277"
"3414947_1.jpg","top","long sleeve top","https://static.zara.net/assets/public/7dda/c924/1af945a3be56/3c7d4c27e271/00706430800-e1.jpg?ts=1691408614380"
"3414947_2.jpg","top","long sleeve top","https://static.zara.net/assets/public/38ec/c0a8/234d4fb7940e/c82d6b2e5347/00706430251-e1.jpg?ts=1691408422475"
"3415246_1.jpg","top","long sleeve top","https://static.zara.net/assets/public/101e/bc73/c0a84da19e72/f574ea98090d/04391301617-e2.jpg?ts=1692781791734"
"3415246_2.jpg","top","long sleeve top","https://static.zara.net/assets/public/fca9/f9a4/29a445afa58e/936d1f841b94/04391301617-e1.jpg?ts=1692781794568"
"3415381_1.jpg","top","short sleeve top","https://static.zara.net/assets/public/02b2/433c/1918408599a9/eb6e130b4c38/07901301800-e1.jpg?ts=1693294476732"
"3415381_2.jpg","top","short sleeve top","https://static.zara.net/assets/public/d9b6/5eea/296c46588db4/1a9d88afd9e3/07901301800-e2.jpg?ts=1693294477211"
"3415503_1.jpg","top","long sleeve top","https://static.zara.net/assets/public/9d0a/f0dd/9fc54c498246/5ef093dce6f0/08851128401-e2.jpg?ts=1691999986573"
"3415503_2.jpg","top","long sleeve top","https://static.zara.net/assets/public/e9a8/2651/a69e4b6fbfba/97b0eab44fe2/08851128401-e1.jpg?ts=1691999978852"
"3415562_1.jpg","top","long sleeve top","https://static.zara.net/assets/public/31c4/35ee/0bb64f07962d/8d2427e235ef/09598118712-e1.jpg?ts=1693410687083"
"3415562_2.jpg","top","long sleeve top","https://static.zara.net/assets/public/9ee5/229a/c4fc45c5ae8a/62c20f142e9a/09598118712-e2.jpg?ts=1693410687391"
"3415866_1.jpg","dress","long sleeve dress","https://static.zara.net/assets/public/1f44/488b/76394a6eb7fa/b92984170c95/02893109401-e2.jpg?ts=1694762281135"
"3415866_2.jpg","dress","long sleeve dress","https://static.zara.net/assets/public/e1de/56de/90e34707b952/088f27fa689e/02893109401-e1.jpg?ts=1694762281443"
"3415891_1.jpg","dress","short sleeve dress","https://static.zara.net/assets/public/fd30/1d3c/4d894db98439/e09a1a680fdd/02893114812-e2.jpg?ts=1695727038894"
"3415891_2.jpg","dress","short sleeve dress","https://static.zara.net/assets/public/6a4b/2ba3/bb78421e9ee0/37bac5380cc3/02893114812-e1.jpg?ts=1695727038757"
"3416022_1.jpg","top","long sleeve top","https://static.zara.net/assets/public/bd58/2371/3d0147c088ac/d3524206304c/03653107808-e2.jpg?ts=1690969649589"
"3416022_2.jpg","top","long sleeve top","https://static.zara.net/assets/public/2ca2/d840/b3e2477087ab/a07be16e0898/03653107808-e1.jpg?ts=1690969647742"
"3416146_1.jpg","bottom","shorts","https://static.zara.net/assets/public/52af/2cbb/82984cbba894/812117b97440/07385510507-e2.jpg?ts=1692351082677"
"3416146_2.jpg","bottom","skirt","https://static.zara.net/assets/public/a58c/43ca/633343ae97a3/7cb1171da7a0/07385510507-e1.jpg?ts=1692351082609"
"3416252_1.jpg","top","short sleeve top","https://static.zara.net/assets/public/ea80/d5d9/61d841c28bcb/bd9668046065/04087323712-e1.jpg?ts=1696836248685"
"3416252_2.jpg","top","short sleeve top","https://static.zara.net/assets/public/aa8c/1224/f6114dcaaede/a1958ffa6137/04087323712-e2.jpg?ts=1730404689740"
"3416262_1.jpg","top","short sleeve top","https://static.zara.net/assets/public/971d/f7f5/107f428cac65/c4d45cb5e653/04087322707-e2.jpg?ts=1690972502046"
"3416262_2.jpg","top","short sleeve top","https://static.zara.net/assets/public/8686/26c1/1c8e4a9e8ad7/b26575ef4213/04087322707-e1.jpg?ts=1690972501528"
"3416440_1.jpg","top","short sleeve top","https://static.zara.net/assets/public/1b5a/6192/6e374b43a943/f3d2da2bb0f4/03992324707-e2.jpg?ts=1730408763475"
"3416440_2.jpg","top","short sleeve top","https://static.zara.net/assets/public/6013/4403/c1804ab8a0fb/5a9ad635fe44/03992324707-e1.jpg?ts=1730408762762"
"3416456_1.jpg","top","short sleeve top","https://static.zara.net/assets/public/52b1/56c5/59bc4a7a9f02/96750bdc2302/03992325183-e2.jpg?ts=1730406989734"
"3416456_2.jpg","top","short sleeve top","https://static.zara.net/assets/public/787a/7128/983a48319957/813f7827badf/03992325183-e1.jpg?ts=1730406989448"
"3417208_1.jpg","bottom","shorts","https://static.zara.net/assets/public/58fa/db5a/bcc94e3ab1a9/62262f6ccc7b/02731307806-e2.jpg?ts=1691058547350"
"3417208_2.jpg","bottom","shorts","https://static.zara.net/assets/public/48b1/64a0/207e416981e4/287e4cc2c6d9/02731307806-e1.jpg?ts=1691058548966"
"3417303_1.jpg","top","long sleeve top","https://static.zara.net/assets/public/1f33/d56a/330d439f8a20/ae75d5d5002f/03859103809-e1.jpg?ts=1698671384697"
"3417303_2.jpg","top","long sleeve top","https://static.zara.net/assets/public/a169/9f4d/6d694d42a604/6ea7bad03acd/03859103809-e2.jpg?ts=1698671384357"
"3417322_1.jpg","top","vest","https://static.zara.net/assets/public/78cb/3c2f/d9244776a996/f8bee05a4ddc/03859104809-e2.jpg?ts=1698671380576"
"3417322_2.jpg","top","vest","https://static.zara.net/assets/public/c72f/24c8/bb2843f69466/65fc88e0b8b3/03859104809-e1.jpg?ts=1698671379703"
"3417641_1.jpg","bottom","skirt","https://static.zara.net/assets/public/5fc7/98af/ba6c496b8cfc/bc550ca3c163/05427506800-e1.jpg?ts=1691490216469"
"3417641_2.jpg","bottom","skirt","https://static.zara.net/assets/public/797c/479d/e9094787a7b6/de02b4f856b7/05427506800-e2.jpg?ts=1691490216895"
"3421564_1.jpg","top","long sleeve top","https://static.zara.net/assets/public/189e/201a/b6e949e7990f/db0f2fa33503/02712832250-e2.jpg?ts=1691133162526"
"3421564_2.jpg","top","long sleeve top","https://static.zara.net/assets/public/5d5f/a8c1/2c504345b82a/3a0776eada1a/02712832250-e1.jpg?ts=1691133162085"
"3421668_1.jpg","dress","long sleeve dress","https://static.zara.net/assets/public/852a/2113/7ca34690a353/05cb75cd3928/03427806800-e2.jpg?ts=1698046371501"
"3421668_2.jpg","dress","long sleeve dress","https://static.zara.net/assets/public/5540/8a56/168743fab3a9/f1fb765c8056/03427806800-e1.jpg?ts=1698046371483"
"3421670_1.jpg","dress","long sleeve dress","https://static.zara.net/assets/public/ee14/0b8a/dd6d41dfa524/0c9ba5340ad9/01255749800-e1.jpg?ts=1695193972840"
"3421670_2.jpg","dress","long sleeve dress","https://static.zara.net/assets/public/129f/457b/5b594dacb226/5e3609306e86/01255749800-e2.jpg?ts=1695193972517"
"3422802_1.jpg","top","long sleeve top","https://static.zara.net/assets/public/6988/1a00/190147c4a167/a336e272cbd2/01165672303-e2.jpg?ts=1691058292888"
"3422802_2.jpg","top","long sleeve top","https://static.zara.net/assets/public/a8bc/e4dd/e3c741c1a35a/fe00e75817fd/01165672303-e1.jpg?ts=1691058293128"
"3423082_1.jpg","top","long sleeve top","https://static.zara.net/assets/public/8d4a/5018/b6a24c0da42b/4ba190e4dfe1/01509111401-e2.jpg?ts=1691581525598"
"3423082_2.jpg","top","long sleeve top","https://static.zara.net/assets/public/758d/2dc4/4bc1497aaa39/357038302f21/01509111401-e1.jpg?ts=1691581525428"
"3423088_1.jpg","top","long sleeve top","https://static.zara.net/assets/public/8024/1d11/20584c45a32a/e5aaee9d075a/01509112712-e2.jpg?ts=1691581525761"
"3423088_2.jpg","top","long sleeve top","https://static.zara.net/assets/public/e07d/9ba2/df6340779a84/126a3315a20a/01509112712-e1.jpg?ts=1691581524859"
"3424015_1.jpg","top","long sleeve top","https://static.zara.net/assets/public/c96d/d46e/e6c04495ac32/e321a67a767f/03166313712-e2.jpg?ts=1691653671736"
"3424015_2.jpg","top","long sleeve top","https://static.zara.net/assets/public/c22d/4e01/3b7543efb548/d74a048f897c/03166313712-e1.jpg?ts=1691653673421"
"3424371_1.jpg","dress","long sleeve dress","https://static.zara.net/assets/public/537c/85ae/53f146c1a06f/ddc0c1443dd7/09878173330-e1.jpg?ts=1730401727992"
"3424371_2.jpg","dress","long sleeve dress","https://static.zara.net/assets/public/f0e3/ea58/a5224100a266/f6c700ffd979/09878173330-e2.jpg?ts=1730401728884"
"3424690_1.jpg","bottom","shorts","https://static.zara.net/assets/public/3e8c/75f9/d30f4970ae60/8e3597deb03d/04341500700-e2.jpg?ts=1690960148138"
"3424690_2.jpg","bottom","skirt","https://static.zara.net/assets/public/1927/c993/009e4c4bab23/6d4f87a596c6/04341500700-e1.jpg?ts=1690960152239"
"3424820_1.jpg","top","long sleeve top","https://static.zara.net/assets/public/57e0/f6c6/72f3455eb618/aec026af0579/06917321922-e1.jpg?ts=1691665584841"
"3424820_2.jpg","top","long sleeve top","https://static.zara.net/assets/public/2c82/af00/449141aeb0d2/28919ab4ae6f/06917321922-e2.jpg?ts=1691665582535"
"3424941_1.jpg","top","vest","https://static.zara.net/assets/public/1b27/4ba3/4f1e4caa9ad6/1af040951f3c/00219802800-e1.jpg?ts=1690959328541"
"3424941_2.jpg","top","vest","https://static.zara.net/assets/public/22b3/528e/75a644958cf4/7f6827a646b8/00219802800-e2.jpg?ts=1690959325448"
"3425076_1.jpg","bottom","skirt","https://static.zara.net/assets/public/1a7e/9825/c7d64466bcb7/9639d889efdc/05644453700-e2.jpg?ts=1730407727999"
"3425076_2.jpg","bottom","skirt","https://static.zara.net/assets/public/d8ca/2c0c/abfd475c8dc7/38a7ff1733ba/05644453700-e1.jpg?ts=1730407727918"
"3425158_1.jpg","top","long sleeve top","https://static.zara.net/assets/public/77a7/d210/3ff24ae6a722/d6a7ce72eb62/08686452500-e1.jpg?ts=1692951025448"
"3425158_2.jpg","top","long sleeve top","https://static.zara.net/assets/public/550e/e26b/53d34b8096f4/47a55eb4a701/08686452500-e2.jpg?ts=1692697651298"
"3425178_1.jpg","top","vest","https://static.zara.net/assets/public/a2d2/e018/7d0f4fdbafb7/3e9e36ddc66b/00264463800-e1.jpg?ts=1730407972992"
"3425178_2.jpg","top","vest","https://static.zara.net/assets/public/7ab7/76ea/15354e429235/9aa94abc14fa/00264463800-e2.jpg?ts=1730407972981"
"3425242_1.jpg","top","long sleeve top","https://static.zara.net/assets/public/f658/668e/eb6d420e82e3/5d73b4e1b534/01131811807-e2.jpg?ts=1691419767223"
"3425242_2.jpg","top","long sleeve top","https://static.zara.net/assets/public/d637/cec2/c7354ca19147/1e38c93e9c03/01131811807-e1.jpg?ts=1691590458573"
"3425545_1.jpg","top","long sleeve top","https://static.zara.net/assets/public/370c/8031/6c7b4cffb034/32f44b6ad7f6/03286508401-e1.jpg?ts=1695972786756"
"3425545_2.jpg","top","long sleeve top","https://static.zara.net/assets/public/e6e0/7bc6/547d445f936f/2a7d70fe97c0/03286508401-e2.jpg?ts=1695972786231"
"3425702_1.jpg","dress","long sleeve dress","https://static.zara.net/assets/public/6638/f1c5/9c6a4c8d93db/331f23dd534c/03046257800-e2.jpg?ts=1699431994295"
"3425702_2.jpg","dress","long sleeve dress","https://static.zara.net/assets/public/ae9e/bc6f/19044ab5a8ed/f255d03afe0d/03046257800-e1.jpg?ts=1699431993417"
"3425799_1.jpg","dress","long sleeve dress","https://static.zara.net/assets/public/cd2d/6ed9/0e254283b554/3047b87c0e64/06318222800-e1.jpg?ts=1692952894690"
"3425799_2.jpg","dress","long sleeve dress","https://static.zara.net/assets/public/4610/c719/4b6a46fabf5b/f2130f8bb0d7/06318222800-e2.jpg?ts=1692955688023"
"3428005_1.jpg","top","long sleeve top","https://static.zara.net/assets/public/e4e7/f7c4/288d4b92b2a7/97fbbd7f2eb4/02142124303-e1.jpg?ts=1693551786531"
"3428005_2.jpg","top","long sleeve top","https://static.zara.net/assets/public/8c77/a1bf/e3644722b99f/90c1d06e53cc/02142124303-e2.jpg?ts=1693551778104"
"3428039_1.jpg","top","long sleeve top","https://static.zara.net/assets/public/79a4/2aa1/a7e947e08d29/c9b18d17b9a9/06674306922-e2.jpg?ts=1695217914196"
"3428039_2.jpg","top","long sleeve top","https://static.zara.net/assets/public/f283/c248/9138428bb01a/559f59e9c29f/06674306922-e1.jpg?ts=1695217914339"
"3429123_1.jpg","top","short sleeve top","https://static.zara.net/assets/public/d208/8cbb/93b54558ad1c/2bbfb01f40d3/00264158600-e1.jpg?ts=1730402677660"
"3429123_2.jpg","top","short sleeve top","https://static.zara.net/assets/public/b5b7/d5e5/7e9a4664b257/add12a94e8d3/00264158600-e2.jpg?ts=1730402677256"
"3429321_1.jpg","bottom","skirt","https://static.zara.net/assets/public/fa26/3eef/908843cdb1fc/dc9eb2aa9d83/05427546922-e1.jpg?ts=1698411135480"
"3429321_2.jpg","bottom","skirt","https://static.zara.net/assets/public/ea98/f858/b04741dca148/d7f81236ebf5/05427546922-e2.jpg?ts=1698411135377"
"3429824_1.jpg","top","long sleeve top","https://static.zara.net/assets/public/66e3/4971/5af54525b3e7/14c03342b34d/00693304821-e2.jpg?ts=1696936612349"
"3429824_2.jpg","top","long sleeve top","https://static.zara.net/assets/public/6339/66cb/8644478c8ed8/e1d6fce467c5/00693304821-e1.jpg?ts=1696936612585"
"3429845_1.jpg","top","long sleeve top","https://static.zara.net/assets/public/4f87/7690/5387415b87af/15acf2cc3a50/05755113802-e2.jpg?ts=1698998902467"
"3429845_2.jpg","top","long sleeve top","https://static.zara.net/assets/public/9f91/2eb9/1f01429f8012/30a0dd932b4d/05755113802-e1.jpg?ts=1698998902497"
"3429880_1.jpg","top","long sleeve top","https://static.zara.net/assets/public/c448/80e3/e06747039da6/367e3661d624/09598123807-e2.jpg?ts=1699613120948"
"3429880_2.jpg","top","long sleeve top","https://static.zara.net/assets/public/c972/d2f3/36214eb2b5f7/e0dc04b89467/09598123807-e1.jpg?ts=1699613120390"
"3430600_1.jpg","top","long sleeve top","https://static.zara.net/assets/public/9611/421c/aad6487c9687/0fb0d478031a/02142126507-e2.jpg?ts=1730403978047"
"3430600_2.jpg","top","long sleeve top","https://static.zara.net/assets/public/d7cf/024f/e9084f5a8313/88c7f9360af5/02142126507-e1.jpg?ts=1730403979230"
"3431307_1.jpg","top","long sleeve top","https://static.zara.net/assets/public/1d9c/41a3/caca4efcbf2b/eb23198599c6/00048351800-e1.jpg?ts=1695043134928"
"3431307_2.jpg","top","long sleeve top","https://static.zara.net/assets/public/3f49/4f36/1a7c49ebb1ed/48081ec67d8d/00048351800-e2.jpg?ts=1695043136762"
"3431523_1.jpg","top","short sleeve top","https://static.zara.net/assets/public/bf1d/83b0/1168425aa58a/1d37845cdfd8/02795320800-e2.jpg?ts=1691653671246"
"3431523_2.jpg","top","short sleeve top","https://static.zara.net/assets/public/aa79/8438/087f4503ba35/2e506d7290aa/02795320800-e1.jpg?ts=1691653670554"
"3431525_1.jpg","top","short sleeve top","https://static.zara.net/assets/public/dc09/4d83/a2cd42118f51/19a4af25b2f9/02795319506-e2.jpg?ts=1691653672261"
"3431525_2.jpg","top","short sleeve top","https://static.zara.net/assets/public/36ad/dc95/9f864c8e959b/c2cf8b48aedc/02795319506-e1.jpg?ts=1691653673443"
"3431533_1.jpg","top","short sleeve top","https://static.zara.net/assets/public/2ccc/d534/70e2473f9ac2/2f8a6717e26b/05644304100-e2.jpg?ts=1691075205299"
"3431533_2.jpg","top","short sleeve top","https://static.zara.net/assets/public/3385/2dbc/6231455394c1/4b50234af5bc/05644304100-e1.jpg?ts=1691075208499"
"3431535_1.jpg","top","short sleeve top","https://static.zara.net/assets/public/f98b/6142/3b3c494dbcaa/47ce9e2295b0/05644305050-e1.jpg?ts=1691075211547"
"3431535_2.jpg","top","short sleeve top","https://static.zara.net/assets/public/af91/9426/93f74acaad2a/fe7ed9cc882c/05644305050-e2.jpg?ts=1691075210762"
"3431545_1.jpg","top","long sleeve top","https://static.zara.net/assets/public/58b0/3c8a/7f5a451d82c4/2f8ba13b4a9f/06518100800-e1.jpg?ts=1696936567412"
"3431545_2.jpg","top","long sleeve top","https://static.zara.net/assets/public/2be5/eecb/8d284b9e98b2/b9e12507d350/06518100800-e2.jpg?ts=1696936570286"
"3431715_1.jpg","top","long sleeve top","https://static.zara.net/assets/public/83ed/2625/020a4dfb829d/515ffe740ac4/03046265800-e2.jpg?ts=1693928048714"
"3431715_2.jpg","top","long sleeve top","https://static.zara.net/assets/public/0480/adce/031c449e967e/2fa96cf738cd/03046265800-e1.jpg?ts=1693928051064"
"3432128_1.jpg","top","long sleeve top","https://static.zara.net/assets/public/1b6e/4520/707a43faadd0/13a7ac1a8ce4/04331126800-e2.jpg?ts=1691582335088"
"3432128_2.jpg","top","long sleeve top","https://static.zara.net/assets/public/9d79/d571/2fcb40a78982/f41771892fe6/04331126800-e1.jpg?ts=1691582335011"
"3432147_1.jpg","top","long sleeve top","https://static.zara.net/assets/public/07c8/81ed/7d1e4cdfaf17/dbac254eb9f6/06318240704-e2.jpg?ts=1693410699021"
"3432147_2.jpg","top","long sleeve top","https://static.zara.net/assets/public/39b8/bc25/ecdf46c09edf/812370371c40/06318240704-e1.jpg?ts=1693410699717"
"3432855_1.jpg","top","short sleeve top","https://static.zara.net/assets/public/54ec/576d/3c7048d7b8fc/b6402073f83f/04087326527-e1.jpg?ts=1691407638977"
"3432855_2.jpg","top","short sleeve top","https://static.zara.net/assets/public/cb49/b550/2c68451c8044/b57d84dfde7c/04087326527-e2.jpg?ts=1691407639526"
"3432862_1.jpg","top","short sleeve top","https://static.zara.net/assets/public/532a/62fe/d08c492e8107/eb3bd1a8e2ae/01198320710-e1.jpg?ts=1691508418558"
"3432862_2.jpg","top","short sleeve top","https://static.zara.net/assets/public/d7ec/c2b7/8e17450a9c82/4f37849c154d/01198320710-e2.jpg?ts=1691508418270"
"3432879_1.jpg","top","short sleeve top","https://static.zara.net/assets/public/ddcd/c293/abfd42e58c89/42ed9069ce58/00761387706-e1.jpg?ts=1691407637896"
"3432879_2.jpg","top","short sleeve top","https://static.zara.net/assets/public/6420/3c70/037c4ba98072/b55dded94ab7/00761387706-e2.jpg?ts=1691407637085"
"3433204_1.jpg","top","short sleeve top","https://static.zara.net/assets/public/5a1e/d832/a2ca4f15a8d3/24971525a81c/04087327500-e1.jpg?ts=1692269643126"
"3433204_2.jpg","top","short sleeve top","https://static.zara.net/assets/public/a246/0847/556e409099aa/3a77a83eda1e/04087327500-e2.jpg?ts=1692269643097"
"3433454_1.jpg","top","short sleeve top","https://static.zara.net/assets/public/5a6b/a1b3/9eac4b04922e/771cab0061d9/03665305800-e1.jpg?ts=1690879521510"
"3433454_2.jpg","top","short sleeve top","https://static.zara.net/assets/public/5b52/0d4f/e5f34fc9bcea/6f09216102e0/03665305800-e2.jpg?ts=1690879522490"
"3435368_1.jpg","top","long sleeve top","https://static.zara.net/assets/public/d510/e15d/2f004df79806/0d1aafab07ef/06427113803-e1.jpg?ts=1692341449605"
"3435368_2.jpg","top","long sleeve top","https://static.zara.net/assets/public/f53b/c14b/bb5147c391fd/1a70c461927b/06427113803-e2.jpg?ts=1692341449710"
"3439823_1.jpg","dress","long sleeve dress","https://static.zara.net/assets/public/4507/fe88/09154e6c95d9/9ac29f022a8f/05755123407-e2.jpg?ts=1695214655226"
"3439823_2.jpg","dress","long sleeve dress","https://static.zara.net/assets/public/0e83/850a/5c3c47618765/75a6f35914f5/05755123407-e1.jpg?ts=1695214655248"
"3442217_1.jpg","top","short sleeve top","https://static.zara.net/assets/public/c05f/e0dd/d05740529668/7fa7613ddff7/01131800800-e2.jpg?ts=1730406504930"
"3442217_2.jpg","top","short sleeve top","https://static.zara.net/assets/public/ff07/e78c/16ad41c7a0f6/ccba35d8b77a/01131800800-e1.jpg?ts=1730406504494"
"3443004_1.jpg","dress","long sleeve dress","https://static.zara.net/assets/public/9cfe/7711/a0eb425bb387/584205b4beaa/03918221743-e2.jpg?ts=1694611382650"
"3443004_2.jpg","dress","long sleeve dress","https://static.zara.net/assets/public/3c93/8c9e/c1294acbb398/1d04c0721ab8/03918221743-e1.jpg?ts=1694611386461"
"3446426_1.jpg","top","long sleeve top","https://static.zara.net/assets/public/da4d/364e/d8e64f569b19/aa6d10229368/08146014303-e2.jpg?ts=1691595671223"
"3446426_2.jpg","top","long sleeve top","https://static.zara.net/assets/public/9bbc/90eb/232b41d5a51f/3359f4a9f34c/08146014303-e1.jpg?ts=1691595670379"
"3447907_1.jpg","bottom","trousers","https://static.zara.net/assets/public/0162/c4f9/1888479eb8fd/2011ab920fdb/07901228808-e2.jpg?ts=1695370697658"
"3447907_2.jpg","bottom","trousers","https://static.zara.net/assets/public/fd53/170b/d9534e34902a/90a08965de2b/07901228808-e1.jpg?ts=1695370697236"
"3449210_1.jpg","top","long sleeve top","https://static.zara.net/assets/public/da58/8abb/899d43498431/7343bab3b172/04331127832-e2.jpg?ts=1692174185991"
"3449210_2.jpg","top","long sleeve top","https://static.zara.net/assets/public/850c/1965/d05046bba7ba/a416d3314615/04331127832-e1.jpg?ts=1692174184503"
"3449800_1.jpg","top","long sleeve top","https://static.zara.net/assets/public/0516/f0c5/0e2e40d8ba70/f027b993c3ba/05320305071-e2.jpg?ts=1691057360083"
"3449800_2.jpg","top","long sleeve top","https://static.zara.net/assets/public/cea0/b788/3c714e78a3b9/ebc7437e6f17/05320305071-e1.jpg?ts=1691057358481"
"3450320_1.jpg","top","vest","https://static.zara.net/assets/public/8018/c5c6/84e84a978f06/7452f04310c8/04331029800-e1.jpg?ts=1692174167160"
"3450320_2.jpg","top","vest","https://static.zara.net/assets/public/2553/690f/27b5496e86be/3a2d9582ab0f/04331029800-e2.jpg?ts=1692174165579"
"3450622_1.jpg","top","long sleeve top","https://static.zara.net/assets/public/c321/972e/256f40df8ff3/67351529d6a3/05070644800-e2.jpg?ts=1698390441649"
"3450622_2.jpg","top","long sleeve top","https://static.zara.net/assets/public/a607/9568/d6f24ed892fb/7f4513eeec89/05070644800-e1.jpg?ts=1698390440861"
"3451395_1.jpg","top","long sleeve top","https://static.zara.net/assets/public/f24c/1754/7b7f43899813/d173a86f82f2/07901919712-e2.jpg?ts=1694762484505"
"3451395_2.jpg","top","long sleeve top","https://static.zara.net/assets/public/d82e/9e45/1f0846c5901b/b7642beecb8d/07901919712-e1.jpg?ts=1694762485695"
"3451751_1.jpg","top","short sleeve top","https://static.zara.net/assets/public/4082/bab1/3ed9488abe39/b5d8bd33ede2/01198312707-e1.jpg?ts=1692171476137"
"3451751_2.jpg","top","short sleeve top","https://static.zara.net/assets/public/d600/ca2b/5bc94ad99210/ff2d00af7a99/01198312707-e2.jpg?ts=1692171477172"
"3451762_1.jpg","top","short sleeve top","https://static.zara.net/assets/public/5d51/989e/3dd04a1d839c/b5342c4735cd/01198318712-e1.jpg?ts=1692022479144"
"3451762_2.jpg","top","short sleeve top","https://static.zara.net/assets/public/347c/50c2/d7364a1e91f7/e1abc416ce13/01198318712-e2.jpg?ts=1692022478106"
"3451766_1.jpg","top","short sleeve top","https://static.zara.net/assets/public/c3c4/49cd/1d03430cbac2/5456a09e325b/02795316251-e1.jpg?ts=1692009218096"
"3451766_2.jpg","top","short sleeve top","https://static.zara.net/assets/public/5579/96ba/43a94c1199fe/49e5e4ce6904/02795316251-e2.jpg?ts=1692009218425"
"3451848_1.jpg","top","long sleeve top","https://static.zara.net/assets/public/1183/6091/855d478fb5dc/7c34b666c606/07901935712-e2.jpg?ts=1692890006373"
"3451848_2.jpg","top","long sleeve top","https://static.zara.net/assets/public/6251/1946/7a894da98f8a/15c5f9f63adc/07901935712-e1.jpg?ts=1692890006698"
"3452653_1.jpg","top","long sleeve top","https://static.zara.net/assets/public/70a7/f0c1/54cc4f11b0a6/8877575cd61a/09621652800-e1.jpg?ts=1693380601858"
"3452653_2.jpg","top","long sleeve top","https://static.zara.net/assets/public/15b3/c420/8ae149f989f8/f86db9e8435b/09621652800-e2.jpg?ts=1693380601903"
"3453378_1.jpg","top","long sleeve top","https://static.zara.net/assets/public/033f/b96b/e7a141878be9/a507d28c8a99/06917404818-e2.jpg?ts=1693555703948"
"3453378_2.jpg","top","long sleeve top","https://static.zara.net/assets/public/87d9/930b/787c4c248940/734e64fcd7a4/06917404818-e1.jpg?ts=1693555704054"
"3453535_1.jpg","top","long sleeve top","https://static.zara.net/assets/public/3769/321d/baea4e109feb/bbd786d566a8/03057405420-e2.jpg?ts=1693551764038"
"3453535_2.jpg","top","long sleeve top","https://static.zara.net/assets/public/5f46/346a/86344facb061/74c333961e89/03057405420-e1.jpg?ts=1693551763383"
"3453824_1.jpg","top","long sleeve top","https://static.zara.net/assets/public/4479/e2ce/4fdf4118b769/ed8232b15200/08281441802-e1.jpg?ts=1700046563948"
"3453824_2.jpg","top","long sleeve top","https://static.zara.net/assets/public/87be/f95d/ec4d409a94df/d9f9bdc1e31f/08281441802-e2.jpg?ts=1700046561672"
"3454812_1.jpg","top","long sleeve top","https://static.zara.net/assets/public/ebfe/da27/b8264c809b7a/5b284905edcb/01165688802-e2.jpg?ts=1693823117284"
"3454812_2.jpg","top","long sleeve top","https://static.zara.net/assets/public/b3f9/c135/b7554eb7948b/73739ec80716/01165688802-e1.jpg?ts=1693823117980"
"3455132_1.jpg","top","long sleeve top","https://static.zara.net/assets/public/3300/8a50/b6ff4824bea4/a9353d28802b/00881318529-e2.jpg?ts=1695295378594"
"3455132_2.jpg","top","long sleeve top","https://static.zara.net/assets/public/c192/8c0f/4ac342f4b780/3da0bab430c3/00881318529-e1.jpg?ts=1695295377082"
"3455138_1.jpg","top","long sleeve top","https://static.zara.net/assets/public/670d/acf1/52a34f17a732/e0eb98fe16bc/00881319700-e1.jpg?ts=1695295376710"
"3455138_2.jpg","top","long sleeve top","https://static.zara.net/assets/public/78e5/9ca9/a6494b7eafdc/603b7b03b26e/00881319700-e2.jpg?ts=1695295376923"
"3455903_1.jpg","top","long sleeve top","https://static.zara.net/assets/public/ff0a/8714/28f34da79e22/bb8e23c2a320/04729306922-e1.jpg?ts=1693380539778"
"3455903_2.jpg","top","long sleeve top","https://static.zara.net/assets/public/131d/cd07/b7024fef8f3b/d5b6f165bc36/04729306922-e2.jpg?ts=1693380538886"
"3456847_1.jpg","top","long sleeve top","https://static.zara.net/assets/public/c568/f04e/9d8b457a9d87/c24ba37f6a49/04174845803-e1.jpg?ts=1693901476746"
"3456847_2.jpg","top","long sleeve top","https://static.zara.net/assets/public/5281/4a85/27ce486d87ac/332a8d19087b/04174845803-e2.jpg?ts=1693901462903"
"3456850_1.jpg","top","long sleeve top","https://static.zara.net/assets/public/bb2b/15a2/ff9e43d692d8/e35158863c45/04174849401-e1.jpg?ts=1693901474995"
"3456850_2.jpg","top","long sleeve top","https://static.zara.net/assets/public/357e/94e8/ebfe48b8a139/82154c92f470/04174849401-e2.jpg?ts=1693901475240"
"3456986_1.jpg","top","long sleeve top","https://static.zara.net/assets/public/5d69/cabc/5c7b4ad099d5/d8857f45ff65/01063313015-e2.jpg?ts=1691057356266"
"3456986_2.jpg","top","long sleeve top","https://static.zara.net/assets/public/1ac2/64e6/cf6c4f919b4f/44d2f33b267a/01063313015-e1.jpg?ts=1691057357221"
"3458052_1.jpg","top","short sleeve top","https://static.zara.net/assets/public/80e3/8bb3/cb5b464c8cd3/23369f9f4937/00761341707-e1.jpg?ts=1693294475030"
"3458052_2.jpg","top","short sleeve top","https://static.zara.net/assets/public/42be/f604/cec54826b20b/0fe588436521/00761341707-e2.jpg?ts=1693294476721"
"3458071_1.jpg","top","long sleeve top","https://static.zara.net/assets/public/cf10/cc6e/f28b4208934c/9673a56c703c/06462351605-e1.jpg?ts=1692887057638"
"3458071_2.jpg","top","long sleeve top","https://static.zara.net/assets/public/a10b/1135/29914b92ba85/aaca80fee1aa/06462351605-e2.jpg?ts=1692887059007"
"3458078_1.jpg","top","long sleeve top","https://static.zara.net/assets/public/54b3/61e1/21e64dfe8657/1f0f0cbf4413/06050342802-e1.jpg?ts=1692342821854"
"3458078_2.jpg","top","long sleeve top","https://static.zara.net/assets/public/7b22/e434/a43a411fb72d/50d3774ad75f/06050342802-e2.jpg?ts=1692342820196"
"3458312_1.jpg","top","long sleeve top","https://static.zara.net/assets/public/323b/47e2/07874f369f57/eeb8af130520/03854350629-e1.jpg?ts=1692862520564"
"3458312_2.jpg","top","long sleeve top","https://static.zara.net/assets/public/6922/1644/be784bd28f1f/e58bb80292f1/03854350629-e2.jpg?ts=1692862520692"
"3458406_1.jpg","top","long sleeve top","https://static.zara.net/assets/public/2165/9509/d4fb4ea88653/9f815afe8e81/00039350898-e1.jpg?ts=1693294478052"
"3458406_2.jpg","top","long sleeve top","https://static.zara.net/assets/public/6742/b9cd/6e83483297db/f8a3d062a04b/00039350898-e2.jpg?ts=1693294478213"
"3459089_1.jpg","top","long sleeve top","https://static.zara.net/assets/public/24cc/fd82/410442e7a264/5214eb9c5b27/00881321806-e2.jpg?ts=1695295377986"
"3459089_2.jpg","top","long sleeve top","https://static.zara.net/assets/public/a23e/3c58/ee144df7ab1a/ec0c0aa05791/00881321806-e1.jpg?ts=1695295376428"
"3459095_1.jpg","top","long sleeve top","https://static.zara.net/assets/public/c3e1/dede/938049eea315/7cffddb0cc71/00881323712-e1.jpg?ts=1695295376365"
"3459095_2.jpg","top","long sleeve top","https://static.zara.net/assets/public/5141/b102/4ddb41bfac4d/ed01eda72a82/00881323712-e2.jpg?ts=1695295376921"
"3461017_1.jpg","top","short sleeve top","https://static.zara.net/assets/public/8df7/f4a7/2ec446649a04/9b39c5ea7170/03665308800-e2.jpg?ts=1691048406446"
"3461017_2.jpg","top","short sleeve top","https://static.zara.net/assets/public/f89d/f86a/ca9a46a89296/108762bca35b/03665308800-e1.jpg?ts=1691048404957"
"3461351_1.jpg","top","short sleeve top","https://static.zara.net/assets/public/57a3/b027/0a90490387d7/ce88ee4c251d/06224395403-e1.jpg?ts=1692778737702"
"3461351_2.jpg","top","short sleeve top","https://static.zara.net/assets/public/011c/69bb/798b4686b8ff/a16f53b098a1/06224395403-e2.jpg?ts=1692778743537"
"3464322_1.jpg","top","long sleeve top","https://static.zara.net/assets/public/9ee7/e559/fb7549d0a2c8/f442bc2e49c7/01437305044-e2.jpg?ts=1697199111398"
"3464322_2.jpg","top","long sleeve top","https://static.zara.net/assets/public/3107/b546/97914ea8a099/047e09820882/01437305044-e1.jpg?ts=1697199112276"
"3464482_1.jpg","top","long sleeve top","https://static.zara.net/assets/public/bd39/6565/a00f44d0ac60/b8a20fdeb73f/00526302708-e2.jpg?ts=1692612481112"
"3464482_2.jpg","top","long sleeve top","https://static.zara.net/assets/public/4ae3/14de/3e94474a985e/87598c9a0d4b/00526302708-e1.jpg?ts=1692612480409"
"3467721_1.jpg","bottom","trousers","https://static.zara.net/assets/public/b0fe/a1e2/72584e88872b/5fe0eca81429/00085838506-e1.jpg?ts=1692778415506"
"3467721_2.jpg","bottom","trousers","https://static.zara.net/assets/public/33b8/892d/62f74e359a0e/cd45cb4f44b9/00085838506-e2.jpg?ts=1692718561094"
"3468173_1.jpg","top","long sleeve top","https://static.zara.net/assets/public/7e56/e343/76c24d89973e/3bd72d9d075a/03717350675-e2.jpg?ts=1695032359231"
"3468173_2.jpg","top","long sleeve top","https://static.zara.net/assets/public/6775/2b82/5e2c4c76844b/302f65ea5433/03717350675-e1.jpg?ts=1695032358930"
"3468334_1.jpg","top","long sleeve top","https://static.zara.net/assets/public/ffde/952f/901e465282d9/222b35bb9ddf/05919400620-e1.jpg?ts=1695972790127"
"3468334_2.jpg","top","long sleeve top","https://static.zara.net/assets/public/01b6/2a98/9c8545038bb2/903a4abf6ad2/05919400620-e2.jpg?ts=1695972789694"
"3468608_1.jpg","top","long sleeve top","https://static.zara.net/assets/public/17e8/9242/7bac4c178fbd/3b45c1cce335/08187347775-e1.jpg?ts=1694158985812"
"3468608_2.jpg","top","long sleeve top","https://static.zara.net/assets/public/99dd/12cc/5f9d467cb363/c118b810851c/08187347775-e2.jpg?ts=1693931392505"
"3468702_1.jpg","top","long sleeve top","https://static.zara.net/assets/public/b507/d34a/d5c0499cba52/113617e5e4e1/03057403802-e2.jpg?ts=1691075789159"
"3468702_2.jpg","top","long sleeve top","https://static.zara.net/assets/public/2c89/5b11/8d4f4f13b220/a690aaeb411a/03057403802-e1.jpg?ts=1694085113782"
"3468790_1.jpg","top","long sleeve top","https://static.zara.net/assets/public/7943/62cd/529d44cdaf17/a2c3c0856675/06861506707-e1.jpg?ts=1691417632649"
"3468790_2.jpg","top","long sleeve top","https://static.zara.net/assets/public/c9e6/1be5/30a24f6c90ff/c7bb52cae417/06861506707-e2.jpg?ts=1691417632590"
"3469119_1.jpg","top","long sleeve top","https://static.zara.net/assets/public/194b/631d/15bf4b398dc5/a4e90c8ea660/05854685401-e1.jpg?ts=1694507430943"
"3469119_2.jpg","top","long sleeve top","https://static.zara.net/assets/public/9e45/e234/72dc4c0eb6e4/c2b509ff2188/05854685401-e2.jpg?ts=1694507431146"
"3474085_1.jpg","top","long sleeve top","https://static.zara.net/assets/public/db40/069d/37604665b925/f2c48d0564d9/03046312707-e2.jpg?ts=1695295477856"
"3474085_2.jpg","top","long sleeve top","https://static.zara.net/assets/public/bb9f/18e6/8f09457e8509/5856946a4d20/03046312707-e1.jpg?ts=1695295477948"
"3474161_1.jpg","bottom","trousers","https://static.zara.net/assets/public/24ac/5d3d/817c4aea806d/2f25e14b92be/03046306800-e2.jpg?ts=1696928311907"
"3474161_2.jpg","bottom","trousers","https://static.zara.net/assets/public/ca2a/dba5/0e8741e19ba9/0e6d6db913ac/03046306800-e1.jpg?ts=1696928313001"
"3480283_1.jpg","bottom","trousers","https://static.zara.net/assets/public/8507/d75d/a65b4be58f7b/4d1c3b150116/03046307172-e2.jpg?ts=1697702525956"
"3480283_2.jpg","bottom","trousers","https://static.zara.net/assets/public/4ed6/5f6f/826a4fb09392/052ffd51d5c8/03046307172-e1.jpg?ts=1697702527752"
"3480296_1.jpg","bottom","trousers","https://static.zara.net/assets/public/e3e3/ed8f/789d4a83b29c/fbd4c37d0f2b/07102239800-e2.jpg?ts=1697702626447"
"3480296_2.jpg","bottom","trousers","https://static.zara.net/assets/public/bb40/b764/62f8465cbe73/5adf87590888/07102239800-e1.jpg?ts=1697702615770"
"3481279_1.jpg","bottom","shorts","https://static.zara.net/assets/public/baad/82b7/49f04912816a/2950fb35fa08/03199800800-e1.jpg?ts=1692349552631"
"3481279_2.jpg","bottom","shorts","https://static.zara.net/assets/public/1951/6c64/9b984757b6a8/1d1a420c2b79/03199800800-e2.jpg?ts=1692349551905"
"3498135_1.jpg","top","long sleeve top","https://static.zara.net/assets/public/22ef/dc26/a40247a4afa6/47fa98c55a58/00706972800-e1.jpg?ts=1695203506471"
"3498135_2.jpg","top","long sleeve top","https://static.zara.net/assets/public/c2f9/81a7/f6de4b4aba82/c64117fe50b6/00706972800-e2.jpg?ts=1695203506537"
"3503299_1.jpg","top","long sleeve top","https://static.zara.net/assets/public/aed2/3661/4f9b413f9a35/725557920137/00155300505-e2.jpg?ts=1698941596137"
"3503299_2.jpg","top","long sleeve top","https://static.zara.net/assets/public/d157/dafc/2af141bbb335/eb3869228212/00155300505-e1.jpg?ts=1698941596165"
"3509818_1.jpg","top","long sleeve top","https://static.zara.net/assets/public/bba0/dda6/5d4c4fe0bf9a/3c113aa3114c/09621333401-e1.jpg?ts=1700643196787"
"3509818_2.jpg","top","long sleeve top","https://static.zara.net/assets/public/4936/7966/3d724fd9b7d7/825d02a2ddfc/09621333401-e2.jpg?ts=1700643196727"
"3509960_1.jpg","top","vest","https://static.zara.net/assets/public/2396/b527/430c4dafb85d/226027d673a1/09598390802-e1.jpg?ts=1699621064634"
"3509960_2.jpg","top","vest","https://static.zara.net/assets/public/2b67/75bd/43854034b3b5/63bfb78f0112/09598390802-e2.jpg?ts=1699457506946"
"3509962_1.jpg","top","vest","https://static.zara.net/assets/public/9a81/a080/e0244c5a8309/8523cec9c4ff/02142390700-e2.jpg?ts=1699457507430"
"3509962_2.jpg","top","vest","https://static.zara.net/assets/public/9220/8b92/00514349aff3/11bbc38d8ebc/02142390700-e1.jpg?ts=1699621064605"
"3559961_1.jpg","top","vest","https://static.zara.net/assets/public/3c60/cf3c/6d3449259b6f/9cd236ede3aa/04216407800-e1.jpg?ts=1708007395539"
"3559961_2.jpg","top","vest","https://static.zara.net/assets/public/8983/6436/8cad4f7483ea/be2dbadfbde9/04216407800-e2.jpg?ts=1708007394878"
"3586454_1.jpg","bottom","shorts","https://static.zara.net/assets/public/584e/3d7a/9f0145e3bbcb/c69e85bfa614/00219300084-e2.jpg?ts=1705063525158"
"3586454_2.jpg","bottom","shorts","https://static.zara.net/assets/public/32e2/bd92/9325402ca948/732fbcc93989/00219300084-e1.jpg?ts=1705063524949"
"3587456_1.jpg","dress","long sleeve dress","https://static.zara.net/assets/public/d0f2/5ba1/c466454c896e/c02939401896/05071688818-e2.jpg?ts=1704788324486"
"3587456_2.jpg","dress","long sleeve dress","https://static.zara.net/assets/public/229d/ff6f/b10f4f589793/0b722f7a865c/05071688818-e1.jpg?ts=1704788323143"
"3597768_1.jpg","bottom","shorts","https://static.zara.net/assets/public/0bc1/5eff/4a5446a0b834/f4a282750a6f/04174322803-e1.jpg?ts=1707901920501"
"3597768_2.jpg","bottom","shorts","https://static.zara.net/assets/public/fe82/0efa/6d634e81afef/9dc3b9b5cb57/04174322803-e2.jpg?ts=1707901919498"
"3622690_1.jpg","bottom","shorts","https://static.zara.net/assets/public/224d/5aa9/fac849b8832c/365d35be8b6d/07521311712-e2.jpg?ts=1714728249586"
"3622690_2.jpg","bottom","shorts","https://static.zara.net/assets/public/384e/2296/f7224b19962d/800981da5618/07521311712-e1.jpg?ts=1714728249703"
"3625099_1.jpg","bottom","shorts","https://static.zara.net/assets/public/df9f/8b17/89834271905e/259b561966aa/07901346712-e2.jpg?ts=1708673311355"
"3625099_2.jpg","bottom","shorts","https://static.zara.net/assets/public/e484/0a7d/5b0445baa26c/3f0a57aab0f0/07901346712-e1.jpg?ts=1708673311181"
"3644893_1.jpg","bottom","shorts","https://static.zara.net/assets/public/bf07/2ebe/cafb494b8bef/4f68536c520c/03653009330-e2.jpg?ts=1711540413633"
"3644893_2.jpg","bottom","shorts","https://static.zara.net/assets/public/c7e5/3b63/d9bf406e8a29/4d75ca8feef7/03653009330-e1.jpg?ts=1711540415688"
"3646061_1.jpg","bottom","skirt","https://static.zara.net/assets/public/1796/1461/46c0468199c9/1f272c6e087a/02298192105-e1.jpg?ts=1710507331851"
"3646061_2.jpg","bottom","shorts","https://static.zara.net/assets/public/a385/2893/409747c1b13a/fb46543dd98c/02298192105-e2.jpg?ts=1710433110711"
"3646812_1.jpg","top","vest","https://static.zara.net/assets/public/b000/835a/7e344ed1a206/0312ca687d8b/03166444802-e2.jpg?ts=1709721575032"
"3646812_2.jpg","top","vest","https://static.zara.net/assets/public/ff3b/274d/2f8e4cfc9c9b/80092a05c54a/03166444802-e1.jpg?ts=1709721575349"
"3648819_1.jpg","bottom","shorts","https://static.zara.net/assets/public/5a45/6995/af20401cbd03/a35a62ffd49d/00264342251-e2.jpg?ts=1709299159871"
"3648819_2.jpg","bottom","shorts","https://static.zara.net/assets/public/3fb6/2b09/cb904a6b871f/ee5f97772ae3/00264342251-e1.jpg?ts=1709299161174"
"3664829_1.jpg","bottom","shorts","https://static.zara.net/assets/public/ccc9/3429/11fb41f189d8/f171ee3c9618/05644343104-e2.jpg?ts=1711541694813"
"3664829_2.jpg","bottom","shorts","https://static.zara.net/assets/public/8417/abda/2749467ba963/5506b2fc04e8/05644343104-e1.jpg?ts=1711541692967"
"3664876_1.jpg","bottom","shorts","https://static.zara.net/assets/public/9f0e/5956/e12b42b487cb/47abf8229640/01131331620-e1.jpg?ts=1712242856540"
"3664876_2.jpg","bottom","shorts","https://static.zara.net/assets/public/f439/3e43/e3cb4ee3bfdf/c24e1fd52302/01131331620-e2.jpg?ts=1712242856468"
"3665060_1.jpg","bottom","shorts","https://static.zara.net/assets/public/bcab/89a7/5d184d7abb9c/c615c25edd1f/06050391400-e2.jpg?ts=1710257355189"
"3665060_2.jpg","bottom","shorts","https://static.zara.net/assets/public/e7ec/39b6/bbb34b3d946f/cff19c8c7e58/06050391400-e1.jpg?ts=1710257354948"
"3675363_1.jpg","top","short sleeve top","https://static.zara.net/assets/public/d9d4/3d7e/70124042a296/4ca46187fe69/02962039601-e1.jpg?ts=1712135145994"
"3675363_2.jpg","top","short sleeve top","https://static.zara.net/assets/public/372e/9a1d/552941949c5f/b110b29545ad/02962039601-e2.jpg?ts=1712058232597"
"3678499_1.jpg","bottom","shorts","https://static.zara.net/assets/public/1a62/c2d6/a19c497e9677/df026c5d056d/00264347250-e2.jpg?ts=1713453057910"
"3678499_2.jpg","bottom","shorts","https://static.zara.net/assets/public/f7d5/c434/95bf4e6389ad/d575247942f8/00264347250-e1.jpg?ts=1713453060178"
"3678511_1.jpg","bottom","shorts","https://static.zara.net/assets/public/e668/595b/24cd45b696c0/c4f3bdd996e7/00264349044-e2.jpg?ts=1713453062341"
"3678511_2.jpg","bottom","shorts","https://static.zara.net/assets/public/86b9/1e93/b6bd46a2a893/a2dfd45254f1/00264349044-e1.jpg?ts=1713453058459"
"3678566_1.jpg","bottom","shorts","https://static.zara.net/assets/public/7943/a8f7/19194609bd9e/a20ea7c22792/05643311712-e1.jpg?ts=1713883637289"
"3678566_2.jpg","bottom","shorts","https://static.zara.net/assets/public/abe4/576c/086d4c45a8e3/1ab24e289890/05643311712-e2.jpg?ts=1713883636876"
"3678573_1.jpg","bottom","shorts","https://static.zara.net/assets/public/77fb/372b/c2d249dead4b/9f87e8115145/05643313600-e2.jpg?ts=1713860210682"
"3678573_2.jpg","bottom","shorts","https://static.zara.net/assets/public/1270/1a42/2032497d8d42/ef405bc1973d/05643313600-e1.jpg?ts=1713860211263"
"3680180_1.jpg","bottom","shorts","https://static.zara.net/assets/public/9b12/c486/515a4a659b27/f8a4599947f2/06050364500-e2.jpg?ts=1713855468562"
"3680180_2.jpg","bottom","shorts","https://static.zara.net/assets/public/96c6/f981/4b9744e7a16a/0fadd5106ddc/06050364500-e1.jpg?ts=1713855469805"
"3689582_1.jpg","bottom","shorts","https://static.zara.net/assets/public/f282/cda5/74234398b3bc/6e9b7e644305/06427042330-e2.jpg?ts=1714132894680"
"3689582_2.jpg","bottom","shorts","https://static.zara.net/assets/public/4539/b7e6/1a764aa6bee6/eda0b960be1b/06427042330-e1.jpg?ts=1714133150102"
"3689715_1.jpg","bottom","shorts","https://static.zara.net/assets/public/ce75/3b2a/0225436bae87/9ebd2ea8d9a0/06427044620-e2.jpg?ts=1714733047886"
"3689715_2.jpg","bottom","shorts","https://static.zara.net/assets/public/4b8e/e34c/ae154a7f9ee1/acc11ccab0fe/06427044620-e1.jpg?ts=1714733047930"
"3699040_1.jpg","bottom","shorts","https://static.zara.net/assets/public/7af9/f56f/796440b9b385/49eea5661979/01131324807-e2.jpg?ts=1713453059940"
"3699040_2.jpg","bottom","shorts","https://static.zara.net/assets/public/e102/f3ee/777b443083c1/a0fd6b5ef738/01131324807-e1.jpg?ts=1713453061206"
"3705257_1.jpg","top","vest","https://static.zara.net/assets/public/debb/c202/23a3421d8c1c/63668f417648/01023300250-e1.jpg?ts=1720437344723"
"3705257_2.jpg","top","vest","https://static.zara.net/assets/public/e1cd/70f4/5b2a4008a55a/3ba89cae0917/01023300250-e2.jpg?ts=1720437345357"
"3780798_1.jpg","top","vest","https://static.zara.net/assets/public/f9c2/ecb4/30cf44db9475/f2affe8e26ad/04331306712-e1.jpg?ts=1724137157779"
"3780798_2.jpg","top","vest","https://static.zara.net/assets/public/8094/709d/eda84ebcb383/794384fbf997/04331306712-e2.jpg?ts=1724137157437"
"3788906_1.jpg","top","vest","https://static.zara.net/assets/public/c539/fe44/07ee494dbcb3/0d6a8aa5b43f/06674317620-e1.jpg?ts=1724137158365"
"3788906_2.jpg","top","vest","https://static.zara.net/assets/public/4f78/e951/f97743acaafc/42891267c92b/06674317620-e2.jpg?ts=1724137159012"
"3798229_1.jpg","top","vest","https://static.zara.net/assets/public/a003/20dd/47bd4c3f87e5/e04efd040884/00506309400-e1.jpg?ts=1724137140507"
"3798229_2.jpg","top","vest","https://static.zara.net/assets/public/24ea/e651/6cd4400abf58/8a6c98e12e18/00506309400-e2.jpg?ts=1724137140311"
"3812172_1.jpg","top","long sleeve top","https://static.zara.net/assets/public/ecac/644d/9aed4c9fa76e/13869995cc3c/03715412800-e2.jpg?ts=1726831375630"
"3812172_2.jpg","top","long sleeve top","https://static.zara.net/assets/public/464d/38a2/3b064da5b110/fbad09b02fe2/03715412800-e1.jpg?ts=1726831375684"
"3842303_1.jpg","top","long sleeve top","https://static.zara.net/assets/public/d82b/a77d/fc784217bbf7/bc9493c930c2/08281281800-e1.jpg?ts=1729159934947"
"3842303_2.jpg","top","long sleeve top","https://static.zara.net/assets/public/4c36/0f91/99414c379840/0b043b64d822/08281281800-e2.jpg?ts=1729159933584"
"3854328_1.jpg","top","long sleeve top","https://static.zara.net/assets/public/1ef4/4ff7/1556430b9502/024b963deaf9/08491406800-e1.jpg?ts=1731342752113"
"3854328_2.jpg","top","long sleeve top","https://static.zara.net/assets/public/41e5/85f7/8a0e4950aa6a/17abbfa4a00b/08491406800-e2.jpg?ts=1731342747721"
"3873374_1.jpg","top","long sleeve top","https://static.zara.net/assets/public/de33/b65f/fd674b129341/0db1ae5cd9ff/05854054401-e1.jpg?ts=1736247956982"
"3873374_2.jpg","top","long sleeve top","https://static.zara.net/assets/public/1baa/6ee8/aaaf45aca81f/36af98010c11/05854054401-e2.jpg?ts=1736247954036"
"3879841_1.jpg","top","long sleeve top","https://static.zara.net/assets/public/4ba0/7835/ff3845f5bb98/7a6ab0b1e906/06518308401-e2.jpg?ts=1733309026096"
"3879841_2.jpg","top","long sleeve top","https://static.zara.net/assets/public/a987/008a/073e4f76ab3a/5f4dcd0378a9/06518308401-e1.jpg?ts=1733309028010"
"3892302_1.jpg","top","long sleeve top","https://static.zara.net/assets/public/669f/3a4f/25d94cbbbb5c/02d420a732a1/05070388505-e1.jpg?ts=1737456471068"
"3892302_2.jpg","top","long sleeve top","https://static.zara.net/assets/public/03b2/ada5/362b4f34b7e1/ee545201141b/05070388505-e2.jpg?ts=1737456470938"
"3918168_1.jpg","top","long sleeve top","https://static.zara.net/assets/public/dd33/4fce/6da74fa78df2/9e38022e057f/06518310401-e1.jpg?ts=1736247693562"
"3918168_2.jpg","top","long sleeve top","https://static.zara.net/assets/public/68c8/4da8/00f64d10a683/319e71d17d1a/06518310401-e2.jpg?ts=1736247693665"
"3923769_1.jpg","top","vest","https://static.zara.net/assets/public/fdfb/cdae/e7c34640bf5a/d285fc56affb/03920424801-e1.jpg?ts=1739805930439"
"3923769_2.jpg","top","vest","https://static.zara.net/assets/public/3416/5ab0/567149538543/b206012fe723/03920424801-e2.jpg?ts=1739805930884"
"3925509_1.jpg","top","vest","https://static.zara.net/assets/public/3c60/cf3c/6d3449259b6f/9cd236ede3aa/04216407800-e1.jpg?ts=1708007395539"
"3925509_2.jpg","top","vest","https://static.zara.net/assets/public/8983/6436/8cad4f7483ea/be2dbadfbde9/04216407800-e2.jpg?ts=1708007394878"
"3946293_1.jpg","top","vest","https://static.zara.net/assets/public/ed4c/361e/db354fe8ba72/ac2099900022/05755422250-e2.jpg?ts=1742297102034"
"3946293_2.jpg","top","vest","https://static.zara.net/assets/public/4c7a/6a46/84934369af57/e694f199f797/05755422250-e1.jpg?ts=1742297101959"
"4008768_1.jpg","top","vest","https://static.zara.net/assets/public/a987/008a/073e4f76ab3a/5f4dcd0378a9/06518308401-e1.jpg?ts=1733309028010"
"4008768_2.jpg","top","vest","https://static.zara.net/assets/public/4ba0/7835/ff3845f5bb98/7a6ab0b1e906/06518308401-e2.jpg?ts=1733309026096"
"4015010_1.jpg","top","vest","https://static.zara.net/assets/public/de33/b65f/fd674b129341/0db1ae5cd9ff/05854054401-e1.jpg?ts=1736247956982"
"4015010_2.jpg","top","vest","https://static.zara.net/assets/public/1baa/6ee8/aaaf45aca81f/36af98010c11/05854054401-e2.jpg?ts=1736247954036"
"4099343_1.jpg","top","vest","https://static.zara.net/assets/public/8983/6436/8cad4f7483ea/be2dbadfbde9/04216407800-e2.jpg?ts=1708007394878"
"4099343_2.jpg","top","vest","https://static.zara.net/assets/public/3c60/cf3c/6d3449259b6f/9cd236ede3aa/04216407800-e1.jpg?ts=1708007395539"
"4100831_1.jpg","top","vest","https://static.zara.net/assets/public/e1cd/70f4/5b2a4008a55a/3ba89cae0917/01023300250-e2.jpg?ts=1720437345357"
"4100831_2.jpg","top","vest","https://static.zara.net/assets/public/debb/c202/23a3421d8c1c/63668f417648/01023300250-e1.jpg?ts=1720437344723"
